abacavir,
abamectin,
abarelix,
abatacept,
abciximab,
abecarnil,
abemaciclib,
abetimus,
abiraterone,
acadesine,
acamprosate calcium,
acarbose,
acebutolol,
acecainide,
acecarbromal,
aceclofenac,
acediasulfone sodium,
acedoben,
acefylline piperazine,
aceglutamide,
acemannan,
acenocoumarol,
aceprometazine,
acesulfame potassium,
acetarsol,
acetazolamide,
acetiamine,
acetylcysteine,
acetyldigitoxin,
acetylleucine,
acetohexamide,
fluclorolone acetonide,
fluocinolone acetonide,
acevaltrate,
aciclovir,
acetohydroxamic acid,
acexamic acid,
aminocaproic acid,
ascorbic acid,
aspartic acid,
azelaic acid,
carglumic acid,
cicloxilic acid,
cinametic acid,
clavulanic acid,
clodronic acid,
dehydrocholic acid,
dimecrotic acid,
edetic acid,
etacrynic acid,
etidronic acid,
flufenamic acid,
folic acid,
gadobenic acid,
gadopentetic acid,
gadoteric acid,
gadoxetic acid,
gamolenic acid,
glutamic acid,
incadronic acid,
iocetamic acid,
iodoxamic acid,
ioglicic acid,
iopanoic acid,
iotalamic acid,
iotroxic acid,
ioxaglic acid,
ioxitalamic acid,
isospaglumic acid,
meclofenamic acid,
medronic acid,
mefenamic acid,
mycophenolic acid,
nalidixic acid,
neridronic acid,
nicotinic acid,
niflumic acid,
obeticholic acid,
octanoic acid,
orotic acid,
oxidronic acid,
oxolinic acid,
pamidronic acid,
pentetic acid,
pipemidic acid,
piromidic acid,
chenodeoxycholic acid,
tiaprofenic acid,
tienilic acid,
tiludronic acid,
tolfenamic acid,
tranexamic acid,
ursodeoxycholic acid,
valproic acid,
zoledronic acid,
acipimox,
acitretin,
aclarubicin,
acrivastine,
actarit,
actinoquinol,
adalimumab,
adapalene,
adefovir,
ademetionine,
adiphenine,
adipiodone,
adrafinil,
adrenalone,
afamelanotide,
afatinib,
afelimomab,
aflibercept,
afloqualone,
afuresertib,
agalsidasa beta,
agomelatine,
alacepril,
alanine,
alatrofloxacin,
albiglutide,
albutrepenonacog alfa,
alclometasone,
alcloxa,
benzyl alcohol,
aldesleukin,
aldioxa,
aldosterone,
alectinib,
alefacept,
aleglitazar,
alemtuzumab,
alendronate sodium,
alexitol sodium,
alfacalcidol,
alfadex,
alfadolone,
alfaprostol,
alfaxalone,
alfentanil,
choline alfoscerate,
alfuzosin,
algestone,
alglucerase,
alglucosidase alfa,
alibendol,
alimemazine,
alirocumab,
aliskiren,
alitretinoin,
alizapride,
allylestrenol,
allobarbital,
alloclamide,
allopurinol,
almagate,
almasilate,
alminoprofen,
almitrine,
almotriptan,
alogliptin,
alosetron,
aloxiprin,
alpiropride,
alprazolam,
alprenolol,
alprostadil,
alteplase,
altizide,
altrenogest,
altretamine,
alverine,
alvimopan,
amantadine,
ambrisentan,
ambroxol,
ambucetamide,
amcinonide,
amfepramone,
amfetamine,
amfetaminil,
amphotericin B,
sodium amidotrizoate,
amifampridine,
amiphenazole,
amifostine,
amikacin,
amikhelline,
amylmetacresol,
amilomer,
amiloride,
amiloxate,
amineptine,
aminoacridine,
aminophenazone,
aminophylline,
aminoglutethimide,
amiodarone,
amisulpride,
amitifadine,
amitraz,
amitriptyline,
amlexanox,
amlodipine,
amobarbital,
amocarzine,
amodiaquine,
amorolfine,
amosulalol,
amoxapine,
amoxicillin,
ampicillin,
ampiroxicam,
amprenavir,
amrinone,
amrubicin,
amsacrine,
amtolmetin guacil,
anagrelide,
anakinra,
anastrozole,
ancestim,
ancrod,
andexanet alfa,
androstanolone,
angiotensinamide,
anidulafungin,
anileridine,
aniracetam,
anisindione,
anistreplase,
antazoline,
antithrombin III,
apafant,
apaflurane,
apitolisib,
apixaban,
sodium apolate,
apraclonidine,
apremilast,
aprepitant,
aprindine,
aprobarbital,
aprotinin,
aptiganel,
aranidipine,
arbekacin,
arbutamine,
arcitumomab,
ardeparin sodium,
argatroban,
arginine,
argipressin,
aripiprazole,
arotinolol,
artemether,
artemisinin,
artemotil,
artesunate,
articaine,
sodium ascorbate,
asenapine,
aspartame,
aspoxicillin,
astemizole,
astromicin,
asunaprevir,
ataluren,
atazanavir,
atenolol,
atevirdine,
atezolizumab,
atipamezole,
atomoxetine,
atopaxar,
atorvastatin,
atosiban,
atovaquone,
auranofin,
sodium aurothiomalate,
sodium aurotiosulfate,
avanafil,
avatrombopag,
avelumab,
aviptadil,
avobenzone,
avoparcin,
axicabtagene ciloleucel,
axitinib,
azacitidine,
azanidazole,
azasetron,
azatadine,
azathioprine,
azelastine,
azelnidipine,
azidamfenicol,
azidocillin,
azimilide,
azintamide,
azithromycin,
azlocillin,
azosemide,
aztreonam,
bacampicillin,
bacitracin,
baclofen,
balofloxacin,
balsalazide,
bambuterol,
bamethan,
bamifylline,
bamipine,
baquiloprim,
barbexaclone,
barbital,
baricitinib,
barnidipine,
basiliximab,
batimastat,
batroxobin,
bazedoxifene,
becaplermin,
beclamide,
beclometasone,
befloxatone,
befunolol,
bekanamycin,
belatacept,
belimumab,
beloranib,
bemegride,
bemetizide,
bemiparin sodium,
benactyzine,
benazepril,
bencyclane,
bendamustine,
bendazac,
bendazol,
bendroflumethiazide,
benexate,
benfluorex,
benfotiamine,
benidipine,
benorilate,
benoxaprofen,
benperidol,
benproperine,
benralizumab,
benserazide,
bentazepam,
bentiromide,
benzatropine,
benzbromarone,
benzfetamine,
benzydamine,
benzylpenicillin,
benzathine benzylpenicillin,
benziodarone,
benznidazole,
estradiol benzoate,
denatonium benzoate,
benzobarbital,
benzocaine,
benzonatate,
benzoxiquine,
benzquercin,
benzthiazide,
bepiastine,
bepridil,
beraprost,
besifloxacin,
atracurium besilate,
cisatracurium besilate,
besilesomab,
betacarotene,
betadex,
betahistine,
betamethasone,
betamipron,
betanidine,
betaxolol,
betrixaban,
bevacizumab,
bevantolol,
bexarotene,
bezafibrate,
bezitramide,
bezlotoxumab,
biapenem,
bibrocathol,
bicalutamide,
biclotymol,
bictegravir,
bifemelane,
bifonazole,
bilastine,
bimatoprost,
binifibrate,
biotin,
biperiden,
bisacodyl,
bisantrene,
bisbentiamine,
ethyl biscoumacetate,
bisoprolol,
bisoxatin,
menadione sodium bisulfite,
detajmium bitartrate,
prajmalium bitartrate,
bithionol,
bitolterol,
bivalirudin,
bleomycin,
blinatumomab,
boceprevir,
bopindolol,
phenylmercuric borate,
bornaprine,
bortezomib,
bosentan,
bosutinib,
brallobarbital,
brentuximab vedotin,
brequinar,
brigatinib,
brimonidine,
brinzolamide,
brivaracetam,
brivudine,
brodalumab,
brodimoprim,
brofaromine,
bromazepam,
bromazine,
bromelains,
bromfenac,
brompheniramine,
bromhexine,
bromisoval,
bromocriptine,
bromopride,
bromperidol,
aclidinium bromide,
azamethonium bromide,
ipratropium bromide,
otilonium bromide,
oxyphenonium bromide,
oxitropium bromide,
bibenzonium bromide,
butropium bromide,
cetrimonium bromide,
ciclonium bromide,
cimetropium bromide,
demecarium bromide,
distigmine bromide,
dodeclonium bromide,
fenpiverinium bromide,
fentonium bromide,
flutropium bromide,
glycopyrronium bromide,
mepenzolate bromide,
methanthelinium bromide,
methylbenactyzium bromide,
methylnaltrexone bromide,
neostigmine bromide,
pancuronium bromide,
parapenzolate bromide,
pinaverium bromide,
pipecuronium bromide,
pipenzolate bromide,
pyridostigmine bromide,
prifinium bromide,
rapacuronium bromide,
rocuronium bromide,
timepidium bromide,
tiotropium bromide,
tiquizium bromide,
tonzonium bromide,
vecuronium bromide,
xenytropium bromide,
bronopol,
broparestrol,
bropirimine,
brotizolam,
brovanexine,
broxyquinoline,
broxuridine,
bucillamine,
bucindolol,
bucladesine,
buclizine,
buclosamide,
budesonide,
budipine,
bufeniode,
bufexamac,
buflomedil,
buformin,
bumetanide,
bunazosin,
bunitrolol,
buparlisib,
bupivacaine,
bupranolol,
buprenorphine,
bupropion,
burosumab,
buserelin,
buspirone,
busulfan,
butacaine,
butalamine,
butalbital,
butamirate,
butenafine,
butetamate,
butinoline,
butizide,
butoconazole,
butorphanol,
butriptyline,
cabazitaxel,
cabergoline,
cabozantinib,
cadazolid,
cadralazine,
cafedrine,
calcifediol,
calcipotriol,
calcitonin,
calcitriol,
camazepam,
camylofin,
camostat,
canagliflozin,
canakinumab,
candesartan,
candicidin,
candoxatril,
cangrelor,
canrenone,
capecitabine,
caplacizumab,
capreomycin,
gestonorone caproate,
captodiame,
captopril,
caramiphen,
carazolol,
carbachol,
carbamazepine,
carbasalate calcium,
carbazochrome,
carbenicillin,
carbenoxolone,
carbetocin,
carbidopa,
carbimazole,
calcium carbimide,
carbinoxamine,
carbocisteine,
carbocromen,
carboplatin,
carboprost,
carboquone,
carbromal,
carbutamide,
carfecillin,
carfentanil,
carfilzomib,
carindacillin,
carisoprodol,
carmellose,
carmofur,
carmustine,
carnitine,
caroverine,
carperitide,
carpipramine,
carprofen,
carteolol,
carumonam,
carvedilol,
carzenide,
caspofungin,
cathine,
cathinone,
catridecacog,
catumaxomab,
cefaclor,
cefadroxil,
cefalexin,
cefalonium,
cefaloridine,
cefalotin,
cefamandole,
cefapirin,
cefatrizine,
cefazolin,
cefbuperazone,
cefcapene,
cefdinir,
cefditoren,
cefepime,
cefetamet,
cefixime,
cefluprenam,
cefmenoxime,
cefmetazole,
cefminox,
cefodizime,
cefonocid,
cefoperazone,
ceforanide,
cefoselis,
cefotaxime,
cefotetan,
cefotiam,
cefoxitin,
cefozopran,
cefpiramide,
cefpirome,
cefpodoxime,
cefprozil,
cefquinome,
cefradine,
cefsulodin,
ceftazidime,
cefteram,
ceftezole,
ceftibuten,
ceftizoxime,
ceftobripole medocaril,
ceftriaxone,
cefuroxime,
celecoxib,
celiprolol,
cellacefate,
cerdulatinib,
ceritinib,
cerivastatin,
cerliponase alfa,
certolizumab pegol,
certoparin sodium,
ceruletide,
cetiedil,
cetirizine,
cetomacrogol 1000,
cetraxate,
cetrimide,
cethromycin,
cetrorelix,
cetuximab,
cevimeline,
cyamemazine,
cyanocobalamin,
cibenzoline,
ciclacillin,
sodium cyclamate,
cyclandelate,
ciclesonide,
cicletanine,
cicliomenol,
cyclizine,
cyclobarbital,
cyclobenzaprine,
cyclobutyrol,
cyclofenil,
cyclophosphamide,
cicloheximide,
cyclopenthiazide,
cyclopentolate,
ciclopirox,
cyclopropane,
cycloserine,
sodium zirconium cyclosilicate,
ciclosporin,
cyclothiazide,
cyclovalone,
cycotiamine,
cidofovir,
cilansetron,
cilastatin,
cilazapril,
cilnidipine,
cilostazol,
cimetidine,
cinacalcet,
cinchocaine,
cinepazet,
cinitapride,
cinnamedrine,
cinnarizine,
cinolazepam,
cinoxacin,
cinoxate,
ciprocinonide,
ciprofibrate,
ciprofloxacin,
cyproheptadine,
cyproterone,
ciraparantag,
cisapride,
cisplatin,
cysteine,
cystine,
citalopram,
cytarabine,
citicoline,
citiolone,
cladribine,
clarithromycin,
clazakizumab,
clebopride,
clefamide,
clemastine,
clemizole,
clevidipine,
climbazole,
clinafloxacin,
clindamycin,
clinofibrate,
clioquinol,
clobazam,
clobenzorex,
clobetasol,
clobetasone,
clobutinol,
clocapramine,
clocinizine,
clocortolone,
clodantoin,
clofarabine,
clofazimine,
clofedanol,
clofenotane,
clofenoxyde,
clofenvinfos,
clofexamide,
clofezone,
clofibrate,
aluminium clofibrate,
calcium clofibrate,
clofoctol,
clomethiazole,
clometocillin,
clomifene,
clomipramine,
clonazepam,
clonazoline,
clonidine,
clonixin,
clopamide,
cloperastine,
clopidogrel,
cloponone,
cloprednol,
cloprostenol,
cloral betaine,
chloralose,
chlorambucil,
chloramphenicol,
dipotassium clorazepate,
chlorcyclizine,
chlordiazepoxide,
chlorphenamine,
chlorphenesin,
chlorphenoxamine,
chlorhexidine,
cloricromen,
cloridarol,
chlormadinone,
chlormethine,
chlormezanone,
chlormidazole,
chlorobutanol,
chlorocresol,
chloropyramine,
chloroprocaine,
chloroquine,
chlorothiazide,
chlorotrianisene,
chloroxylenol,
chlorproethazine,
chlorproguanil,
chlorpromazine,
chlorpropamide,
chlorprothixene,
chlorquinaldol,
chlortalidone,
chlortetracycline,
acetylcholine chloride,
acriflavinium chloride,
alcuronium chloride,
ambenonium chloride,
edrophonium chloride,
octafonium chloride,
benzalkonium chloride,
benzethonium chloride,
benzododecinium chloride,
benzoxonium chloride,
cetalkonium chloride,
cetylpyridinium chloride,
choline chloride,
dequalinium chloride,
doxacurium chloride,
metalkonium chloride,
methylbenzethonium chloride,
methylrosanilinium chloride,
methylthioninium chloride,
miripirium chloride,
miristalkonium chloride,
mivacurium chloride,
suxamethonium chloride,
tolonium chloride,
trospium chloride,
chlorzoxazone,
closantel,
clostebol,
clotiapine,
clotiazepam,
clotrimazole,
cloxacillin,
cloxazolam,
cloxiquine,
clozapine,
cobamamide,
cobicistat,
cobimetinib,
cocarboxylase,
colecalciferol,
colesevelam,
colestilan,
colestipol,
colestyramine,
colextran,
colforsin,
colistimethate sodium,
colistin,
conestat alfa,
copanlisib,
corbadrine,
corifollitropin alfa,
choriogonadotropin alfa,
corticorelin,
corticotropin,
cortisone,
cortivazol,
creatinolfosfate,
crilanomer,
cryofluorane,
crisaborole,
crisnatol,
crizotinib,
croconazole,
cromakalim,
chromocarb,
sodium cromoglicate,
crospovidone,
crotamiton,
dabigatran etexilate,
dabrafenib,
dacarbazine,
daclatasvir,
daclizumab,
dactinomycin,
dalantercept,
dalbavancin,
dalcetrapib,
dalfopristin,
dalteparin sodium,
danaparoid sodium,
danazol,
dantron,
dantrolene,
dapagliflozin,
dapiprazole,
dapoxetin,
dapsone,
daptomycin,
daratumumab,
darbepoetin alfa,
darifenacin,
darunavir,
darvadstrocel,
dasabuvir,
dasatinib,
daunorubicin,
debrisoquine,
decitabine,
dectaflur,
deferasirox,
deferiprone,
defibrotide,
deflazacort,
degarelix,
delafloxacin,
delamanid,
delapril,
delavirdine,
deleobuvir,
delmadinone,
delorazepam,
demeclocycline,
demegestone,
demoxytocin,
denileukin diftitox,
denopamine,
denosumab,
depatuxizumab,
depreotide,
deprodone,
deptropine,
deserpidine,
desflurane,
dehydroemetine,
desipramine,
desirudin,
deslanoside,
desloratadine,
deslorelin,
desmopressin,
desogestrel,
desonide,
desoxycortone,
desoximetasone,
desvenlafaxine,
dexamethasone,
dexamfetamine,
dexbrompheniramine,
dexchlorpheniramine,
dexetimide,
dexfenfluramine,
dexibuprofen,
dexketoprofen trometamol,
dexmedetomidine,
dexmethylphenidate,
dexpanthenol,
dexrazoxane,
dextran,
dextranomer,
dextriferron,
dextromethorphan,
dextromoramide,
dextropropoxyphene,
dextrorphan,
dextrothyroxine sodium,
dezocine,
diacerein,
diazepam,
diaziquone,
diazoxide,
dibekacin,
dibenzepin,
dibotermin alfa,
dibrompropamidine,
dibromsalan,
sodium dibunate,
dicycloverine,
diclazuril,
diclofenac,
diclofenamide,
dyclonine,
dichlorisone,
dichlorophen,
dichloroxylenol,
dicloxacillin,
dicoumarol,
didanosine,
dydrogesterone,
didrovaltrate,
dieldrin,
dienestrol,
dienogest,
diethazine,
diethylstilbestrol,
diethyltoluamide,
difebarbamate,
difemerine,
diphenadione,
diphenhydramine,
difenidol,
diphenylpyraline,
diphenoxylate,
difenoxin,
diflorasone,
difloxacin,
diflucortolone,
diflunisal,
difluprednate,
digitoxin,
digoxin,
dihexyverine,
dihydralazine,
dihydrocodeine,
dihydroergotamine,
dihydrostreptomycin,
dihydrotachysterol,
diiodohydroxyquinoline,
diisopromine,
dilazep,
diloxanide,
diltiazem,
dimemorfan,
dimenhydrinate,
dimercaprol,
dimeticone,
dimetindene,
dimetofrine,
dimetotiazine,
dimethoxanate,
dimevamide,
dimpylate,
isosorbide dinitrate,
dinoprost,
dinoprostone,
dinutuximab,
diolamine,
diosmin,
dioxation,
dioxethedrin,
dioxybenzone,
diperodon,
dipipanone,
dipyridamole,
dipyrithione,
dipivefrine,
diprophylline,
diproqualone,
dirithromycin,
disopyramide,
disulfiram,
ditazole,
ditiocarb sodium,
dixanthogen,
dizocilpine,
calcium dobesilate,
dobutamine,
docarpamine,
docetaxel,
docusate sodium,
dofetilide,
dolasetron,
dolutegravir,
domiodol,
domperidone,
donepezil,
dopamine,
dopexamine,
doravirine,
doripenem,
dornase alfa,
dorzolamide,
dosmalfate,
dosulepin,
dovitinib,
doxapram,
doxazosin,
doxepin,
doxercalciferol,
doxycycline,
doxifluridine,
doxylamine,
doxofylline,
doxorubicin,
drisapersen,
drofenine,
droloxifene,
dronabinol,
dronedarone,
droperidol,
dropropizine,
drospirenone,
drotaverine,
drotrecogin alfa,
droxicam,
droxidopa,
dulaglutide,
duloxetine,
dupilumab,
durvalumab,
dutasteride,
duteplase,
ebastine,
eberconazole,
ebrotidine,
ebselen,
ecabet,
ecallantide,
ecamsule,
econazole,
eculizumab,
edaravone,
edatrexate,
dicobalt edetate,
sodium calcium edetate,
edodekin alfa,
edoxaban,
edoxudine,
edrecolomab,
efalizumab,
efavirenz,
eflornithine,
efmoroctocog alfa,
efonidipine,
efungumab,
elagolix,
elbasvir,
elcatonin,
eledoisin,
eletriptan,
eliglustat,
elobixibat,
elotuzumab,
elsilimomab,
eltrombopag,
eluxadoline,
elvitegravir,
embramine,
emedastine,
emibetuzumab,
emicizumab,
emixustat,
empagliflozin,
emtricitabine,
enalapril,
enasidenib,
encainide,
endralazine,
enflurane,
enfuvirtide,
enilconazole,
eniluracil,
enocitabine,
enoxacin,
enoxaparin sodium,
enoximone,
enoxolone,
enrofloxacin,
ensulizole,
entacapone,
entecavir,
entsufon,
enzacamene,
enzalutamide,
epalrestat,
eperisone,
epinastine,
epinephrine,
epirizole,
epirubicin,
epitizide,
eplerenone,
epoetin alfa,
epoetin beta,
epoetin delta,
epoetin gamma,
epoetin omega,
epoetin theta,
epoprostenol,
epostane,
epratuzumab,
eprazinone,
eprosartan,
eprozinol,
eptacog alfa,
eptastigmine,
eptifibatide,
eptotermin alfa,
eravacycline,
erdosteine,
erenumab,
ergocalciferol,
ergometrine,
eribulin,
erythromycin,
erlotinib,
ertapenem,
escitalopram,
eseridine,
eslicarbazepine,
esmolol,
esomeprazole,
sparfloxacin,
sparteine,
spectinomycin,
spiramycin,
spirapril,
spironolactone,
stanozolol,
stavudine,
estazolam,
sorbitan stearate,
steffimycin,
stepronin,
sodium stibocaptate,
sodium stibogluconate,
stiripentol,
estradiol,
estramustine,
estrapronicate,
streptokinase,
streptodornase,
streptomycin,
streptozocin,
estrone,
ethacridine,
etafedrine,
etafenone,
ethambutol,
etamiphylline,
etamivan,
etamsylate,
etanercept,
etanidazole,
ethaverine,
ethchlorvynol,
etelcalcetide,
ethenzamide,
eteplirsen,
etidocaine,
etifoxine,
etilamfetamine,
ethylcellulose,
etilefrine,
ethylestrenol,
mecetronium etilsulfate,
ethinylestradiol,
etynodiol,
ethionamide,
etizolam,
etodolac,
etofamide,
etofenamate,
etofenprox,
etofibrate,
etofylline,
ethoheptazine,
etomidate,
etonogestrel,
etoperidone,
etoposide,
etoricoxib,
ethosuximide,
ethotoin,
ethoxazorutoside,
etozolin,
etravirine,
etretinate,
etrolizumab,
eucatropine,
everolimus,
evolocumab,
exemestane,
exenatide,
exisulind,
ezetimibe,
fadrozole,
falecalcitriol,
famciclovir,
famotidine,
fampridine,
famprofazone,
faropenem,
fasudil,
favipiravir,
febarbamate,
febuprol,
febuxostat,
fedotozine,
fedrilate,
felbamate,
felbinac,
felypressin,
felodipine,
phenacemide,
phenacetin,
phenazocine,
phenazone,
phenazopyridine,
fenbufen,
fencamfamin,
fencibutirol,
fenclonine,
fendiline,
phendimetrazine,
phenelzine,
pheneticillin,
fenetylline,
pheneturide,
fenfluramine,
phenformin,
phenicarbazide,
phenylalanine,
phenylbutazone,
phenylephrine,
phenylpropanolamine,
phenyltoloxamine,
phenindamine,
phenindione,
fenipentol,
pheniramine,
phenytoin,
phenmetrazine,
phenobarbital,
fenofibrate,
fenoldopam,
phenolphthalein,
phenoperidine,
fenoprofen,
fenoterol,
phenothrin,
fenoverine,
fenoxazoline,
phenoxybenzamine,
phenoxymethylpenicillin,
fenpipramide,
phenprobamate,
phenprocoumon,
fenproporex,
fenquizone,
fenretinide,
fenspiride,
phensuximide,
fentanyl,
phentermine,
fentiazac,
fenticlor,
fenticonazole,
phentolamine,
fepradinol,
feprazone,
sodium feredetate,
ferrocholinate,
fesoterodine,
fexofenadine,
fidaxomicin,
filgotinib,
filgrastim,
finasteride,
finerenone,
fingolimod,
phytomenadione,
flavoxate,
flecainide,
fleroxacin,
flibanserin,
flindokalner,
floctafenine,
flomoxef,
flopropione,
florbetapir,
flosequinan,
floxuridine,
fluanisone,
fluciclovine,
flucytosine,
flucloxacillin,
fluconazole,
fludarabine,
fludiazepam,
fludrocortisone,
fludroxycortide,
fluphenazine,
fluindione,
flumazenil,
flumequine,
flumetasone,
flunarizine,
flunisolide,
flunitrazepam,
flunixin,
flunoxaprofen,
fluocinonide,
fluocortin,
fluocortolone,
fluorometholone,
fluorouracil,
fluoxetine,
fluoxymesterone,
flupentixol,
flupirtine,
fluprednidene,
fluprednisolone,
flurazepam,
flurbiprofen,
flurithromycin,
fluspirilene,
flutamide,
fluticasone,
flutrimazole,
fluvastatin,
fluvoxamine,
pholcodine,
pholedrine,
calcium folinate,
follitropin alfa,
follitropin beta,
fomepizole,
fominoben,
fomivirsen,
fomocaine,
fondaparinux sodium,
formebolone,
formestane,
formocortal,
formoterol,
fosamprenavir,
fosaprepitant,
foscarnet sodium,
adenosine phosphate,
sitagliptin phosphate,
fosphenytoin,
fosfestrol,
fosfocreatinine,
fosfomycin,
fosfosal,
fosinopril,
fospropofol,
fotemustine,
framycetin,
frovatriptan,
phthalylsulfathiazole,
ftalofyne,
ftivazide,
fudosteine,
fulvestrant,
furazolidone,
furosemide,
fursultiamine,
fusafungine,
sodium fusidate,
gabapentin,
gabexate,
gadobutrol,
gadodiamide,
gadofosveset,
gadoteridol,
gadoversetamide,
galantamine,
galcanezumab,
gallopamil,
galsulfase,
galunisertib,
ganciclovir,
ganirelix,
gatifloxacin,
gavestinel,
gavilimomab,
gaxilose,
gefarnate,
gefitinib,
gemcitabine,
gemeprost,
gemfibrozil,
gemifloxacin,
gemtuzumab,
gemtuzumab ozogamicin,
gentamicin,
sodium gentisate,
gepefrine,
gepirone,
gestodene,
gestrinone,
glafenine,
glecaprevir,
glibenclamide,
glibornuride,
glybuzole,
glycerol,
glycyclamide,
glycine,
gliclazide,
glyclopyramide,
glimepiride,
glipizide,
gliquidone,
glisentide,
glisolamide,
glisoxepide,
calcium glubionate,
glucagon,
glucametacin,
glucosamine,
glutamine,
glutaral,
glutethimide,
golimumab,
gonadorelin,
chorionic gonadotrophin,
goserelin,
gramicidin,
granisetron,
grazoprevir,
grepafloxacin,
griseofulvin,
guabenxan,
guacetisal,
guaietolin,
guaifenesin,
guaimesal,
guanadrel,
guanethidine,
guanfacine,
guanoxan,
guselkumab,
gusperimus,
halazepam,
halazone,
halcinonide,
halofantrine,
halofuginone,
halometasone,
haloperidol,
haloprogin,
halothane,
haloxazolam,
haloxon,
hemoglobin glutamer,
heparin sodium,
heptaminol,
hetaflur,
hexachlorophene,
hexamidine,
hexestrol,
hexetidine,
hexobarbital,
hexobendine,
hexoprenaline,
hyaluronidase,
hycanthone,
hydralazine,
hydrargaphen,
hydrochlorothiazide,
hydrocodone,
hydrocortamate,
hydrocortisone,
hydroflumethiazide,
hydromorphone,
hydrotalcite,
hydroxyamfetamine,
hydroxycarbamide,
hydroxychloroquine,
bephenium hydroxynaphthoate,
hydroxyprogesterone,
hydroxyzine,
hydroxocobalamin,
hyetellose,
hymecromone,
hymetellose,
hyprolose,
hypromellose,
histidine,
histrelin,
homofenazine,
homosalate,
parathyroid hormone,
ibacitabine,
ibandronate sodium,
ibopamine,
ibritumomab tiuxetan,
ibrutinib,
ibudilast,
ibuprofen,
ibuproxam,
ibutilide,
icatibant,
icodextrin,
idarubicin,
idarucizumab,
idazoxan,
idebenone,
idelalisib,
idoxuridine,
idrocilamide,
idursulfase,
ifenprodil,
ifosfamide,
ilodecakin,
ilonidap,
iloprost,
imatinib,
imetelstat,
imidapril,
imidocarb,
imiglucerase,
imipenem,
imipramine,
imiquimod,
indacaterol,
indanazoline,
indapamide,
indeloxazine,
indenolol,
indinavir,
indobufen,
indometacin,
indoramin,
infliximab,
inolimomab,
inosine,
inotersen,
inotuzumab ozogamicin,
insulin aspart,
insulin detemir,
insulin glargine,
insulin glulisine,
insulin human,
insulin lispro,
interferon alfa,
interferon beta,
interferon gamma,
iobitridol,
iodamide,
iodixanol,
ecothiopate iodide,
metocinium iodide,
pralidoxime iodide,
prolonium iodide,
tibezonium iodide,
tiemonium iodide,
iofendylate,
iohexol,
iomeprol,
iopamidol,
iopentol,
sodium iopodate,
iopromide,
sodium iotalamate,
iotasul,
iotrolan,
ioversol,
ioxilan,
ipilimumab,
iprazochrome,
ipriflavone,
iproniazid,
ipsapirone,
irbesartan,
irinotecan,
irsogladine,
isavuconazole,
isepamicin,
isoaminile,
isobromindione,
isocarboxazid,
isoconazole,
isoetarine,
isoflupredone,
isoflurane,
isoleucine,
isometheptene,
isoniazid,
isonixin,
isoprenaline,
isosorbide,
isothipendyl,
isotretinoin,
isoxsuprine,
isradipine,
itopride,
itraconazole,
ivabradine,
ivacaftor,
ivermectin,
ixazomib,
ixekizumab,
josamycin,
kanamycin,
kebuzone,
khellin,
keracyanin,
ketamine,
ketanserin,
ketazolam,
ketocaine,
ketoconazole,
ketoprofen,
ketorolac,
ketotifen,
kitasamycin,
labetalol,
lacidipine,
lacosamide,
lactitol,
lactulose,
lafutidine,
lamifiban,
lamivudine,
lamotrigine,
lanadelumab,
lanatoside C,
landiolol,
lanoconazole,
lanoteplase,
lanreotide,
lansoprazole,
lapatinib,
laronidase,
laropiprant,
lasalocid,
lasmiditan,
lasofoxifene,
latamoxef,
latanoprost,
sorbitan laurate,
sodium lauryl sulphate,
laurocapram,
lauromacrogol,
lazabemide,
lebrikizumab,
lefamulin,
lefetamine,
leflunomide,
lenalidomide,
lenograstim,
lenvatinib,
lepirudin,
lercanidipine,
lerdelimumab,
letermovir,
letosteine,
letrazuril,
letrozole,
leucine,
leucocianidol,
leuprorelin,
levacetylmethadol,
levamfetamine,
levamisole,
levetiracetam,
levobetaxolol,
levobunolol,
levobupivacaine,
levocabastine,
levocarnitine,
levocetirizine,
levodopa,
levodropropizine,
levofloxacin,
calcium levofolinate,
levomenol,
levomepromazine,
levomethadone,
levomilnacipran,
levonorgestrel,
levopropoxyphene,
levorphanol,
levosalbutamol,
levosimendan,
levosulpiride,
levothyroxine sodium,
lexipafant,
lidamidine,
lidocaine,
lidoflazine,
lifibrol,
limaprost,
lymecycline,
linaclotide,
linagliptin,
lincomycin,
lindane,
lynestrenol,
linezolid,
linsidomine,
liothyronine,
lypressin,
liraglutide,
lisadimate,
lisdexamfetamine,
lysine,
lisinopril,
lisuride,
lixisenatide,
lobaplatin,
lobeline,
lobenzarit,
lobucavir,
lodoxamide,
lofepramine,
lofexidine,
ethyl loflazepate,
lomefloxacin,
lomustine,
lonazolac,
lonidamine,
loperamide,
lopinavir,
loprazolam,
loracarbef,
loratadine,
lorazepam,
lorcainide,
lormetazepam,
lornoxicam,
losartan,
losigamone,
loteprednol,
lovastatin,
loxapine,
loxiglumide,
loxoprofen,
lubeluzole,
lumefantrine,
lumiracoxib,
luprostiol,
luseogliflozin,
lutropin alfa,
macitentan,
macrogol,
mafenide,
mafosfamide,
magaldrate,
malotilate,
mangafodipir,
manidipine,
maprotiline,
maraviroc,
maribavir,
marimastat,
masoprocol,
mavrilimumab,
mazaticol,
mazindol,
mazipredone,
mebendazole,
mebeverine,
mebhydrolin,
mebutamate,
ingenol mebutate,
mebutizide,
mecamylamine,
mecasermin,
mecillinam,
mecysteine,
meclocycline,
meclofenoxate,
mecloxamine,
meclozine,
medazepam,
medetomidine,
medrysone,
medrogestone,
medroxyprogesterone,
mephenesin,
mephenytoin,
mefenorex,
mephenoxalone,
mephentermine,
mefloquine,
mefruside,
megestrol,
meglumine,
meglutol,
melagatran,
melarsoprol,
meldonium,
melphalan,
melitracen,
meloxicam,
melperone,
memantine,
menbutone,
menfegol,
menglytate,
mepacrine,
mepartricin,
omacetaxine mepesuccinate,
mepindolol,
mepyramine,
mepitiostane,
mepivacaine,
mepolizumab,
meprednisone,
meprobamate,
meptazinol,
mequinol,
mequitazine,
merbromin,
mercaptamine,
mercaptopurine,
mercurobutol,
meropenem,
mesalazine,
amidefrine mesilate,
mesna,
mesocarb,
mesoridazine,
mesterolone,
mestranol,
mesuximide,
metabromsalan,
methacholine,
methadone,
metallibure,
metamfepramone,
metamfetamine,
metamizole sodium,
metampicillin,
methaniazide,
methaqualone,
metaraminol,
metaxalone,
methazolamide,
methdilazine,
methenamine,
meteneprost,
metenolone,
metergoline,
metesculetol,
metformin,
meticillin,
methyclothiazide,
meticrane,
methylcellulose,
metildigoxin,
methyldopa,
methylergometrine,
methylphenidate,
methylphenobarbital,
methylpentynol,
methylprednisolone,
amezinium metilsulfate,
toloconium metilsulfate,
methyltestosterone,
methylthiouracil,
buzepide metiodide,
methionine,
metipranolol,
metyrapone,
metirosine,
methysergide,
metixene,
metizoline,
metochalcone,
methocarbamol,
metoclopramide,
methohexital,
metolazone,
metopimazine,
methoprene,
metoprolol,
methotrexate,
methoxamine,
methoxyphenamine,
methoxyflurane,
metreleptin,
metrizamide,
sodium metrizoate,
metronidazole,
mevastatin,
mexazolam,
mexenone,
mexiletine,
mezlocillin,
mianserin,
mibefradil,
micafungin,
miconazole,
midaglizole,
midazolam,
midecamycin,
midodrine,
midostaurin,
mifamurtide,
mifepristone,
miglitol,
miglustat,
milnacipran,
milrirone,
miltefosine,
minocycline,
minoxidil,
mirabegron,
mirtazapine,
myrtecaine,
misoprostol,
mitobronitol,
mitoguazone,
mitolactol,
mitomycin,
mitotane,
mitoxantrone,
mivazerol,
mizolastine,
mizoribine,
moclobemide,
modafinil,
mofebutazone,
mofezolac,
mogamulizumab,
molgramostim,
molindone,
molsidomine,
mometasone,
monensin,
monobenzone,
isosorbide mononitrate,
monoxerutin,
montelukast,
monteplase,
moperone,
moracizine,
morantel,
morclofone,
morinamide,
morniflumate,
moroctocog alfa,
moroxydine,
sodium morrhuate,
mosapramine,
motretinide,
moxaverine,
moxetumomab pasudotox,
moxifloxacin,
moxisylyte,
moxonidine,
mupirocin,
muromonab-CD3,
nabilone,
nabumetone,
nadide,
nadifloxacin,
nadolol,
nadoxolol,
nadroparin calcium,
nafamostat,
nafarelin,
nafazatrom,
naphazoline,
nafcillin,
naftazone,
naftidrofuryl,
naftifine,
naftopidil,
nalbuphine,
naldemedine,
nalfurafine,
nalmefene,
nalorphine,
naloxegol,
naloxone,
naltrexone,
nandrolone,
naproxen,
naratriptan,
nartograstim,
nasaruplase,
nasaruplase beta,
natalizumab,
natamycin,
nateglinide,
nateplase,
nebivolol,
nebracetam,
nedaplatin,
nedocromil,
nefazodone,
nefiracetam,
nefopam,
nelarabine,
nelfinavir,
neltenexine,
nemonapride,
neomycin,
nepafenac,
nepinalone,
neratinib,
nesiritide,
neticonazole,
netilmicin,
netupitant,
nevirapine,
nialamide,
niaprazine,
nicaraven,
nicardipine,
nicergoline,
niceritrol,
niclosamide,
nicocodine,
nicofibrate,
nicomorphine,
nicorandil,
nicotinamide,
inositol nicotinate,
nifedipine,
nifekalant,
nifenazone,
nifuratel,
nifuroxazide,
nifuroxime,
nifurtimox,
nifurtoinol,
nifurzide,
nikethamide,
nilotinib,
nilutamide,
nilvadipine,
nimesulide,
nimetazepam,
nimodipine,
nimorazole,
nimustine,
nintedanib,
niperotidine,
nipradilol,
niraparib,
nisoldipine,
nystatin,
nitazoxanide,
nitisinone,
nitrazepam,
nitrendipine,
nitrofurantoin,
nitroxoline,
nivolumab,
nizatidine,
nizofenone,
nocloprost,
nolatrexed,
nomegestrol,
nonacog alfa,
nonivamide,
nonoxynol 9,
nordazepam,
norelgestromin,
norepinephrine,
norethandrolone,
noretynodrel,
norethisterone,
norfenefrine,
norfloxacin,
norflurane,
norgestimate,
norgestrel,
norgestrienone,
normethadone,
nortriptyline,
noscapine,
novobiocin,
noxytiolin,
nusinersen,
obinutuzumab,
oblimersen,
ocrelizumab,
ocriplasmin,
octacaine,
octenidine,
octinoxate,
octisalate,
octocog alfa,
octocrilene,
octodrine,
octotiamine,
octoxinol,
octreotide,
ofatumumab,
ofloxacin,
olaflur,
olanzapine,
olaparib,
olaratumab,
oleandomycin,
monoethanolamine oleate,
sorbitan oleate,
olmesartan,
olodaterol,
olopatadine,
olprinone,
olsalazine,
omalizumab,
omapatrilat,
ombitasvir,
omeprazole,
omoconazole,
onartuzumab,
ondansetron,
opebacan,
opicapone,
opipramol,
oprelvekin,
oprozomib,
orazamide,
orciprenaline,
oregovomab,
orphenadrine,
orgotein,
oritavancin,
orlistat,
ormeloxifene,
ormetoprim,
ornidazole,
ornipressin,
ornithine,
ornoprostil,
orteronel,
osalmid,
oseltamivir,
osimertinib,
ospemifene,
otelixizumab,
otlertuzumab,
oxaceprol,
oxacillin,
oxaliplatin,
oxamniquine,
oxandrolone,
oxaprozin,
oxatomide,
oxazepam,
oxazolam,
oxcarbazepine,
oxeladin,
oxendolone,
oxetacaine,
oxetorone,
oxfendazole,
oxybenzone,
oxybuprocaine,
oxybutynin,
oxycodone,
oxiconazole,
oxyfedrine,
oxyphenbutazone,
oxyphencyclimine,
oxyphenisatine,
oxilofrine,
oxymetazoline,
oxymetholone,
oxymorphone,
oxypertine,
oxiracetam,
oxytetracycline,
oxytocin,
oxitriptan,
oxolamine,
oxomemazine,
oxprenolol,
ozagrel,
paclitaxel,
pacritinib,
padimate,
palbociclib,
palifermin,
paliperidone,
palivizumab,
palmidrol,
sorbitan palmitate,
palonosetron,
pamiteplase,
panipenem,
panitumumab,
panobinostat,
pantoprazole,
calcium pantothenate,
paracetamol,
paramethasone,
parconazole,
parecoxib,
parethoxycaine,
pargeverine,
pargyline,
paricalcitol,
paritaprevir,
parnaparin sodium,
paromomycin,
paroxetine,
patritumab,
pazopanib,
pefloxacin,
pegademase,
pegaptanib,
pegaspargase,
pegfilgrastim,
peginterferon alfa-2a,
pegloticase,
pegorgotein,
pegvisomant,
peldesine,
pembrolizumab,
pemetrexed,
pemirolast,
pemoline,
penbutolol,
penciclovir,
penfluridol,
penicillamine,
benethamine penicillin,
pentagastrin,
pentamidine,
pentazocine,
calcium trisodium pentetate,
pentetrazol,
pentifylline,
pentobarbital,
pentosan polysulfate sodium,
pentostatin,
pentoxifylline,
pentoxyverine,
peplomycin,
peramivir,
perampanel,
perphenazine,
perflenapent,
perflexane,
perflisopent,
perflubron,
perflunafene,
perflutren,
pergolide,
perhexiline,
periciazine,
perindopril,
permethrin,
perospirone,
pertuzumab,
pethidine,
pibrentasvir,
picloxydine,
picolamine,
sodium picosulfate,
pidotimod,
piketoprofen,
pilsicainide,
pimagedine,
pimecrolimus,
pimethixene,
pimobendan,
pimozide,
pinacidil,
pinazepam,
pindolol,
pioglitazone,
pipamperone,
pipazetate,
piperacetazine,
piperacillin,
piperidolate,
pipethanate,
pipobroman,
pipotiazine,
pipoxolan,
pipradrol,
pipratecol,
piprinhydrinate,
piracetam,
pyrantel,
pirarubicin,
pyrazinamide,
pirbuterol,
pirenzepine,
piretanide,
pirfenidone,
piribedil,
pyricarbate,
pyridofylline,
piridoxilate,
pyridoxine,
pirifibrate,
pyrimethamine,
pirisudanol,
pyrithyldione,
pyritinol,
pyrithione,
piritramide,
piritrexim,
pirlindole,
pirmenol,
piroctone,
piroxicam,
pirozadil,
pyrrolnitrin,
pitavastatin,
pitofenone,
pitolisant,
pivampicillin,
pivmecillinam,
pixantrone,
pizotifen,
plaunotol,
plazomicin,
plecanatide,
pleconaril,
plerixafor,
plicamycin,
plinabulin,
polacrilin,
polaprezinc,
polycarbophil,
policresulen,
polygeline,
polihexanide,
polymyxin B,
polynoxylin,
polythiazide,
poloxalene,
poloxamer,
pomalidomide,
ponatinib,
ponesimod,
porfimer sodium,
posaconazole,
posatirelin,
povidone,
pradigastat,
pramipexole,
pramiracetam,
pramiverine,
pramlintide,
pranlukast,
pranoprofen,
prasterone,
prasugrel,
pravastatin,
prazepam,
praziquantel,
prazosin,
prednazoline,
prednicarbate,
prednylidene,
prednimustine,
prednisolone,
prednisone,
pregabalin,
prenalterol,
prenylamine,
prenoxdiazine,
pridinol,
prilocaine,
primaquine,
primidone,
pristinamycin,
proadifen,
probenecid,
probucol,
procaine,
procainamide,
procarbazine,
procaterol,
procyclidine,
procinonide,
prochlorperazine,
procodazole,
profenamine,
progabide,
progesterone,
proglumetacin,
proglumide,
proguanil,
proligestone,
proline,
prolintane,
promazine,
promegestone,
promelase,
promestriene,
promethazine,
promolate,
propacetamol,
propafenone,
propamidine,
propanidid,
propanocaine,
propatylnitrate,
propentofylline,
propicillin,
propyphenazone,
propylhexedrine,
propyliodone,
propylthiouracil,
propiolactone,
propiomazine,
propipocaine,
propiverine,
propofol,
propoxycaine,
propranolol,
proquazone,
proroxan,
proscillaridin,
prosultiamine,
protionamide,
prothipendyl,
protirelin,
protriptyline,
proxazole,
proxibarbal,
proxyphylline,
proxymetacaine,
prozapine,
prucalopride,
prulifloxacin,
pseudoephedrine,
quazepam,
quetiapine,
quifenadine,
chymopapain,
chymotrypsin,
quinagolide,
quinapril,
quinestradol,
quinestrol,
quinethazone,
quinfamide,
quinisocaine,
quinupramine,
quinupristin,
rabeprazole,
racecadotril,
rafoxanide,
raloxifene,
raltegravir,
raltitrexed,
ramifenazone,
ramipril,
ramoplanin,
ramosetron,
ramucirumab,
strontium ranelate,
ranibizumab,
ranimustine,
ranitidine,
ranolazine,
ranpirnase,
rasagiline,
rasburicase,
raxibacumab,
razoxane,
rebamipide,
reboxetine,
refametinib,
regadenoson,
regorafenib,
remacemide,
remifentanil,
remikiren,
remimazolam,
renzapride,
repaglinide,
repirinast,
reproterol,
rescinnamine,
reserpine,
resiquimod,
retapamulin,
reteplase,
retigabine,
retinol,
reviparin sodium,
ribavirin,
ribociclib,
riboflavin,
rifabutin,
rifamycin,
rifampicin,
rifapentine,
rifaximin,
rilonacept,
rilpivirine,
riluzole,
rimantadine,
rimexolone,
rimiterol,
riociguat,
risedronate sodium,
risperidone,
ritanserin,
ritiometan,
ritodrine,
ritonavir,
rituximab,
rivaroxaban,
rivastigmine,
rizatriptan,
robenidine,
rociverine,
rofecoxib,
roflumilast,
rokitamycin,
rolitetracycline,
romiplostim,
romosozumab,
ronidazole,
ronifibrate,
ropinirole,
ropivacaine,
rosiglitazone,
rosoxacin,
rosuvastatin,
rotigotine,
roxadimate,
roxarsone,
roxatidine,
roxithromycin,
rubitecan,
rucaparib,
rufinamide,
rufloxacin,
rupatadine,
rurioctocog alfa pegol,
rutoside,
ruxolitinib,
sabeluzole,
calcium saccharate,
sacubitril,
safinamide,
salbutamol,
salicylamide,
imidazole salicylate,
choline salicylate,
salmeterol,
salnacedin,
salsalate,
salverine,
saperconazole,
sapropterin,
saquinavir,
saralasin,
sargramostim,
sarilumab,
sarpogrelate,
saruplase,
satraplatin,
saxagliptin,
sebelipase alfa,
secbutabarbital,
secnidazole,
secobarbital,
secretin,
secukinumab,
selegiline,
selexipag,
selfotel,
semaglutide,
semustine,
seocalcitol,
seratrodast,
serelaxin,
serine,
sermorelin,
serrapeptase,
sertaconazole,
sertindole,
sertraline,
sorbitan sesquioleate,
setastine,
sevelamer,
sevoflurane,
sibrafiban,
sibutramine,
sildenafil,
silibinin,
silicristin,
silidianin,
silodosin,
siltuximab,
simeprevir,
simeticone,
simfibrate,
simoctocog alfa,
simvastatin,
sinapultide,
sincalide,
sirolimus,
sisomicin,
sitagliptin,
sitaxentan,
sivelestat,
sizofiran,
sobuzoxane,
sofosbuvir,
solifenacin,
somagrebove,
somatorelin,
somatostatin,
somatropin,
somatrem,
sometribove,
somidobove,
sonidegib,
sonolisib,
sorafenib,
sorbinil,
sorivudine,
sotalol,
sotrastaurin,
succimer,
estriol succinate,
succinylsulfathiazole,
sucralfate,
sudismase,
sufentanil,
sugammadex,
sulbactam,
sulbenicillin,
sulbutiamine,
sulconazole,
suleparoid sodium,
sulfabenzamide,
sulfacarbamide,
sulfacetamide,
sulfachlorpyridazine,
sulfachrysoidine,
sulfadiazine,
sulfadicramide,
sulfadimethoxine,
sulfadimidine,
sulfadoxine,
sulfafurazole,
sulfaguanidine,
sulfamerazine,
sulfamethizole,
sulfamethoxazole,
sulfamethoxypyridazine,
sulfametrole,
sulfamonomethoxine,
sulfamoxole,
sulfanilamide,
sulfapyridine,
sulfasalazine,
sulfasuccinamide,
sulfathiazole,
sulfatroxazole,
sulfinpyrazone,
sulfiram,
sulfisomidine,
sulfogaiacol,
dimethyl sulfoxide,
sulglicotide,
sulindac,
sulisobenzone,
sulodexide,
sulpiride,
sulprostone,
sultamicillin,
sultiame,
sultopride,
sumatriptan,
sunitinib,
suprofen,
sutezolid,
sutilains,
suvorexant,
suxibuzone,
tacalcitol,
tacrine,
tacrolimus,
tadalafil,
tafamidis,
tafenoquine,
tafluprost,
thalidomide,
talimogene laherparepvec,
talinolol,
talipexole,
taltirelin,
tamoxifen,
tamsulosin,
tandospirone,
tapentadol,
tarextumab,
tasimelteon,
tasonermin,
tasosartan,
tasquinimod,
taurine,
taurolidine,
tazarotene,
tazobactam,
thebacon,
teclothiazide,
teclozan,
tedizolid,
tegafur,
tegaserod,
teicoplanin,
telaprevir,
telavancin,
telbivudine,
telithromycin,
telmesteine,
telmisartan,
telotristat,
temafloxacin,
temazepam,
temefos,
temocapril,
temocillin,
temoporfin,
temozolomide,
temsirolimus,
tenamfetamine,
tenecteplase,
tenidap,
thenyldiamine,
teniposide,
tenofovir,
tenonitrozole,
tenoxicam,
theodrenaline,
choline theophyllinate,
teplizumab,
teprenone,
teprotide,
teprotumumab,
terazosin,
terbinafine,
terbutaline,
terconazole,
terfenadine,
terguride,
teriflunomide,
teriparatide,
terizidone,
terlipressin,
ternidazole,
tertatolol,
tesevatinib,
tesmilifene,
testolactone,
testosterone,
tetrabenazine,
tetracaine,
tetracycline,
tetracosactide,
sodium tetradecyl sulfate,
eritrityl tetranitrate,
pentaerythrityl tetranitrate,
tetrazepam,
tetridamine,
tetryzoline,
tetroxoprim,
tezosentan,
tiabendazole,
tiadenol,
tiagabine,
thiamazole,
thiamphenicol,
thiamine,
tiamulin,
tianeptine,
tiapride,
tiaramide,
tibolone,
ticagrelor,
ticarcillin,
ticlopidine,
thiethylperazine,
tifluadom,
tigecycline,
tilactase,
tilbroquinol,
tilidine,
tiliquinol,
tyloxapol,
thymalfasin,
timiperone,
timolol,
timonacic,
tinidazole,
tinzaparin sodium,
thioacetazone,
tioclomarol,
thiocolchicoside,
tioconazole,
tioguanine,
thiomersal,
thiopental sodium,
tiopronin,
thioproperazine,
thioridazine,
thiotepa,
tiotixene,
tioxolone,
tipepidine,
tipiracil,
tipranavir,
thiram,
tirapazamine,
tirasemtiv,
tiratricol,
tirilazad,
tirofiban,
thyroglobulin,
sodium tyropanoate,
tiropramide,
tyrosine,
tyrothricin,
thyrotrophin,
thyrotropin alfa,
tisagenlecleucel,
tisopurine,
tixocortol,
tizanidine,
tobramycin,
tocainide,
tocilizumab,
tocofibrate,
todralazine,
tofisopam,
tolazamide,
tolazoline,
tolbutamide,
tolcapone,
tolciclate,
tolycaine,
tolmetin,
tolnaftate,
toloxatone,
tolperisone,
tolpropamine,
tolterodine,
tovalptan,
topiramate,
topotecan,
torasemide,
toremifene,
bretylium tosilate,
suplatast tosilate,
tosylchloramide sodium,
tositumomab,
tosufloxacin,
trabectedin,
trafermin,
tralokinumab,
tramadol,
tramazoline,
trametinib,
trandolapril,
tranilast,
tranylcypromine,
trapidil,
trastuzumab,
travoprost,
trazodone,
trebananib,
tremacamra,
threonine,
treosulfan,
trepibutone,
treprostinil,
tretinoin,
tretoquinol,
triacetin,
triamcinolone,
triamterene,
triazolam,
tribenoside,
tribromsalan,
triclabendazole,
triclocarban,
triclofos,
trichlormethiazide,
trichloroethylene,
triclosan,
trientine,
sorbitan tristearate,
gallamine triethiodide,
trifluoperazine,
trifluperidol,
triflupromazine,
trifluridine,
triflusal,
trihexyphenidyl,
trilostane,
trimebutine,
trimecaine,
trimegestone,
trimeperidine,
trimethadione,
trimetazidine,
trimethobenzamide,
trimethoprim,
trimetrexate,
trimipramine,
sorbitan trioleate,
trioxysalen,
tripamide,
tryparsamide,
tripelennamine,
triprolidine,
tryptophan,
triptorelin,
tritoqualine,
trofosfamide,
troglitazone,
trolamine,
troleandomycin,
tromantadine,
trometamol,
tropatepine,
tropicamide,
tropisetron,
trospectomycin,
trovafloxacin,
troxerutin,
troxipide,
tuaminoheptane,
tucaresol,
tulobuterol,
ubenimex,
ubidecarenone,
ulinastatin,
ulipristal,
ulobetasol,
unoprostone,
urapidil,
urokinase,
urofollitropin,
ustekinumab,
vaborbactam,
vadadustat,
valaciclovir,
valbenazine,
valdecoxib,
estradiol valerate,
valganciclovir,
valine,
valnoctamide,
valproate pivoxil,
valproate semisodium,
valpromide,
valrubicin,
valsartan,
valspodar,
valtrate,
vancomycin,
vandetanib,
vapreotide,
vardenafil,
varenicline,
vatreptacog alfa (activated),
vedolizumab,
velaglucerase alfa,
velmanase alfa,
velpatasvir,
vemurafenib,
venetoclax,
venlafaxine,
veralipride,
verapamil,
vernakalant,
verteporfin,
verubecestat,
vesnarinone,
vestronidase alfa,
vetrabutine,
vidarabine,
vigabatrin,
vilanterol,
vilazodone,
vildagliptin,
viloxazine,
viminol,
vinblastine,
vinburnine,
vincamine,
vincristine,
vindesine,
vinflunine,
vinylbital,
vinorelbine,
vinpocetine,
viquidil,
virginiamycin,
vismodegib,
visnadine,
voclosporin,
voglibose,
volociximab,
vonicog alfa,
vorapaxar,
voretigene neparvovec,
voriconazole,
vorozole,
vortioxetine,
warfarin,
xamoterol,
xanomeline,
xemilofiban,
xenysalate,
xibornol,
xylometazoline,
ximelagatran,
xipamide,
zafirlukast,
zalcitabine,
zaldaride,
zaleplon,
zaltoprofen,
zamifenacin,
zanamivir,
zeranol,
zibotentan,
ziconotide,
zidovudine,
zileuton,
zinostatin,
zipeprol,
ziprasidone,
zofenopril,
zolmitriptan,
zolpidem,
zonisamide,
zopiclone,
zorubicin,
zotepine,
zuclopenthixol,