Num_ATC	Codigo_ATC	Desc_ATC,
5	A01AA01	Fluoruro de sodio,
11	A01AB	Antiinfecciosos y antisépticos para el tratamiento oral-local,
19	A01AB09	Miconazol,
29	A01AB19	Perborato de sodio,
31	A01AB22	#,
32	A01AC	Corticosteroides para tratamiento oral-local,
35	A01AC03	#,
39	A01AD02	#,
43	A01AD11	#,
50	A02AA04	Hidróxido de magnesio,
67	A02AD01	Combinaciones de sales simples,
68	A02AD02	Magaldrato,
69	A02AD03	Almagato,
71	A02AD05	Almasilato,
74	A02AF02	Combinaciones de sales simples y carminativos,
76	A02AH	Antiácidos con bicarbonato de sodio,
77	A02AX	Otras combinaciones con antiácidos,
79	A02BA	Antagonistas del receptor H2,
81	A02BA02	Ranitidina,
82	A02BA03	Famotidina,
88	A02BB	Prostaglandinas,
89	A02BB01	Misoprostol,
91	A02BC	Inhibidores de la bomba de protones,
92	A02BC01	Omeprazol,
93	A02BC02	Pantoprazol,
94	A02BC03	Lansoprazol,
95	A02BC04	Rabeprazol,
96	A02BC05	Esomeprazol,
104	A02BX	Otros agentes contra la úlcera péptica y el reflujo gastroesofágico (RGE/GORD),
106	A02BX02	Sucralfato,
109	A02BX05	Subcitrato de bismuto,
127	A03AA04	Mebeverina,
128	A03AA05	Trimebutina,
140	A03AB06	Otilonio	/ bromuro de,
154	N07BA03	Vareniclina,
168	A03AX	Otros agentes contra padecimientos funcionales del estómago,
172	A03AX04	Pinaverio,
181	A03AX13	Siliconas,
186	A03BA01	#,
190	A03BB01	Butilescopolamina,
207	A03CB	Belladona y derivados en combinación con psicolépticos,
224	A03DB04	Butilescopolamina y analgésicos,
230	A03FA	Propulsivos,
231	A03FA01	Metoclopramida,
233	A03FA03	Domperidona,
236	A03FA06	Cleboprida,
240	A04AA01	Ondansetrón,
241	A04AA02	Granisetrón,
242	A04AA03	Tropisetrón,
244	A04AD	Otros antieméticos,
245	A04AD01	Escopolamina,
257	A05AA02	Ácido ursodeoxicólico,
260	A05AX	Otros fármacos para terapia biliar,
265	A05BA	Terapia hepática,
267	A05BA03	Silimarina,
272	A05C	FÁRMACOS PARA TERAPIA BILIAR Y LIPOTRÓPICOS EN COMBINACIÓN,
274	A06A	LAXANTES,
276	A06AA01	Parafina liquida,
278	A06AA51	Parafina blanda	/ combinaciones con,
279	A06AB	Laxantes de contacto,
281	A06AB02	Bisacodilo,
284	A06AB05	Aceite de ricino,
285	A06AB06	Glicósidos de sena,
286	A06AB07	Cáscara,
287	A06AB08	Picosulfato de sodio,
289	A06AB20	Laxantes de contacto en combinación,
290	A06AB30	Laxantes de contacto en combinación con alcaloides de belladona,
293	L01BB06	Clofarabina,
294	A06AB57	Cáscara	/ combinaciones con,
295	A06AB58	Picosulfato de sodio	/ combinaciones con,
297	A06AC01	Ispaghula (semillas de psyllium),
301	A06AC06	Metilcelulosa,
304	A06AC51	Ispaghula	/ combinaciones con,
307	A06AD	Laxantes osmóticos,
312	A06AD10	Sales minerales en combinación,
313	A06AD11	Lactulosa,
314	A06AD12	Lactitol,
317	A06AD15	Macrogol,
319	A06AD17	#,
324	A06AD65	Macrogol	/ combinaciones con,
326	A06AG01	#,
329	A06AG04	Glicerol,
332	A06AG10	Docusato de sodio	/ incluyendo combinaciones,
333	A06AG11	Sodio lauril sulfoacetato	/ incluyendo combinaciones,
335	A06AX	Otros laxantes,
336	A06AX01	#,
340	A07AA	Antibióticos,
341	A07AA01	#,
342	A07AA02	Nistatina,
346	A07AA06	Paromomicina,
351	A07AA11	Rifaximina,
352	A07AA51	Neomicina	/ combinaciones con,
367	A07BA01	Carbón medicinal,
384	A07DA03	Loperamida,
387	A07DA52	Morfina	/ combinaciones con,
388	A07DA53	Loperamida	/ combinaciones con,
396	A07EA06	#,
397	A07EA07	#,
401	A07EC01	Sulfasalazina,
402	A07EC02	Mesalazina,
407	A07FA01	Ácido láctico	/ organismo productores de,
408	A07FA02	Saccharomyces boulardii,
409	A07FA51	Ácido láctico	/ organismos productores de	/ combinaciones con,
412	A07XA01	Tanato de albúmina,
415	A07XA04	Racecadotrilo,
432	A08AB01	Orlistat,
437	A09AA02	Multienzimas (lipasa	/ proteasa	/ etc.),
451	A10AB01	Insulina (humana),
454	A10AB04	#,
455	A10AB05	Insulina asparta,
458	A10AC01	#,
461	A10AC04	#,
464	A10AD01	#,
467	A10AD04	Insulina lispro,
473	A10AE04	Insulina glargina,
478	A10BA02	Metformina,
480	A10BB	Derivados de las sulfonilureas,
481	A10BB01	Glibenclamida,
487	A10BB07	Glipizida,
488	A10BB08	Gliquidona,
489	A10BB09	Gliclazida,
492	A10BB12	Glimepirida,
500	A10BF01	Acarbosa,
501	A10BF02	Miglitol,
503	A10BG	Tiazolidinadionas,
506	A10BG03	Pioglitazona,
508	A10BX01	Goma guar,
509	A10BX02	Repaglinida,
510	A10BX03	Nateglinida,
516	A11AA	Multivitamínicos con minerales,
519	A11AA03	Multivitamínicos con otros minerales	/ incluyendo combinaciones,
523	A11BA	Multivitamínicos solos,
525	A11CA	Vitamina A sola,
526	A11CA01	Retinol (vit A),
528	A11CB	Vitaminas A y D en combinación,
532	A11CC03	Alfacalcidol,
533	A11CC04	#,
534	A11CC05	Colecalciferol,
535	A11CC06	Calcifediol,
539	A11DA01	Tiamina (vit B1),
540	A11DA02	Sulbutiamina,
541	A11DB	#,
544	A11EB	Vitaminas del complejo B con vitamina C,
547	A11EX	Vitaminas del complejo B	/ otras combinaciones,
550	A11GA01	Ácido ascórbico (vit C),
551	A11GB	Ácido ascórbico (vitamina C)	/ combinaciones,
556	A11HA02	Piridoxina (vit B6),
557	A11HA03	Tocoferol (vit E),
559	A11HA05	Biotina,
562	A11HA30	Dexpantenol,
566	A11JA	Combinaciones de vitaminas,
568	A11JC	Vitaminas	/ otras combinaciones,
571	A12AA	Calcio,
572	A12AA01	Fosfato de calcio,
574	A12AA03	Gluconato de calcio,
575	A12AA04	Carbonato de calcio,
586	A12AX	Calcio	/ combinaciones con	/ vitamina D y/o otros fármacos,
588	A12BA	Potasio,
589	A12BA01	#,
592	A12BA04	Bicarbonato de potasio,
594	A12BA30	#,
595	S01LA04	Ranibizumab,
610	A12CC06	Lactato de magnesio,
612	A12CC08	Pidolato de magnesio,
615	A12CC30	Magnesio (combinación de diferentes sales),
625	A13A	TÓNICOS,
630	A14AA02	Estanozolol,
632	A14AA04	Metenolona,
639	A14AB01	Nandrolona,
643	A15	#,
646	A16AA	Aminoácidos y derivados,
647	A16AA01	Levocarnitina,
650	A16AA04	Mercaptamina,
651	A16AA05	Ácido carglúmico,
652	A16AA06	Betaína,
653	A16AB	Enzimas,
655	A16AB02	Imiglucerasa,
656	A16AB03	Agalsidasa alfa,
657	A16AB04	Agalsidasa beta,
658	A16AX	Productos varios para el tracto alimentario y el metabolismo,
661	A16AX03	Fenilbutirato de sodio,
662	A16AX04	Nitisinona,
663	A16AX05	Acetato de zinc,
667	B01AA	Antagonistas de la vitamina K,
670	B01AA03	Warfarina,
672	B01AA07	Acenocumarol,
678	B01AB01	#,
679	B01AB02	Antitrombina III,
680	B01AB04	Dalterapina,
681	B01AB05	Enoxaparina,
682	B01AB06	Nadroparina,
686	B01AB10	Tinzaparina,
687	B01AB11	Sulodexida,
693	B01AC04	Clopidogrel,
694	B01AC05	Ticlopidina,
695	B01AC06	#,
696	B01AC07	Dipiridamol,
698	B01AC09	Epoprostenol,
700	B01AC11	Iloprost,
701	B01AC13	Abciximab,
704	B01AC16	Eptifibatida,
705	B01AC17	Tirofibán,
706	B01AC18	Triflusal,
707	B01AC30	#,
709	B01AD01	Estreptoquinasa,
710	B01AD02	Alteplasa,
712	B01AD04	Uroquinasa,
715	B01AD07	Reteplasa,
721	L01XE04	Sunitinib,
722	A16AB09	Idursulfasa,
727	B02AA01	Ácido aminocaproico,
728	B02AA02	Ácido tranexámico,
732	B02AB02	Alfa1 antitripsina,
737	B02BA01	Fitomenadiona,
740	B02BB01	Fibrinógeno humano,
741	B02BC	Hemostáticos locales,
752	B02BD01	Factores de la coagulacion IX	/ II	/ VII y X en combinacion,
753	B02BD02	Factor VIII de la coagulación,
754	B02BD03	Actividad que sobrepasa el inhibidor del factor VIII,
755	B02BD04	Factor IX de la coagulacion,
757	B02BD06	Factor Von Willebrand y factor VIII de la coagulación en combinación,
758	B02BD07	Factor XIII de la coagulación,
759	B02BD08	Factor VIIa de la coagulación,
763	B02BX01	Etamsilato,
768	B03AA	Hierro bivalente	/ preparados orales,
769	B03AA01	Ferroso glicina sulfato,
771	B03AA03	Ferroso gluconato,
775	B03AA07	Ferroso sulfato,
780	B03AB	Hierro trivalente	/ preparados orales,
789	B03AB09	Proteinsuccinilato férrico,
790	B03AC	Hierro	/ preparados parenterales,
796	B03AD	Hierro en combinación con ácido fólico,
797	B03AD01	Hierro ferroso y aminoácidos	/ complejo de,
798	B03AD02	Ferroso	/ fumarato,
799	B03AD03	Ferroso	/ sulfato,
800	B03AE	Hierro en otras combinaciones,
803	B03AE03	Hierro y multivitaminas,
807	B03BA	Vitamina B12 (cianocobalamina y análogos),
808	B03BA01	Cianocobalamina,
810	B03BA03	Hidroxocobalamina,
812	B03BA51	Cianocobalamina	/ combinaciones con,
815	B03BB01	Ácido fólico,
819	B03XA01	Eritropoyetina,
820	B03XA02	Darbepoetina alfa,
824	B05AA01	Albúmina,
828	B05AA06	Gelatina	/ agentes con,
829	B05AA07	Hidroxietil almidón,
833	B05BA	Soluciones para nutrición parenteral,
834	B05BA01	Aminoácidos,
835	B05BA02	Emulsiones grasas,
836	B05BA03	Carbohidratos,
838	B05BA10	#,
839	B05BB	Soluciones que afectan el balance electrolítico,
840	B05BB01	Electrolitos,
841	B05BB02	Electrolitos con carbohidratos,
844	B05BC01	Manitol,
872	B05DB	Soluciones hipertónicas,
875	B05XA01	Cloruro de potasio,
876	B05XA02	Bicarbonato de sodio,
877	B05XA03	Cloruro de sodio,
879	B05XA05	Sulfato de magnesio,
880	B05XA06	Fosfato de potasio	/ incluyendo combinaciones con otras sales de potasio,
881	B05XA07	Cloruro de calcio,
883	B05XA09	Fosfato de sodio,
888	B05XA14	Glicerofosfato de sodio,
890	B05XA16	Soluciones cardiopléjicas,
891	B05XA30	Combinaciones de electrolitos,
892	B05XA31	Electrolitos en combinación con otras farmacos,
895	B05XB02	Alanilglutamina,
897	B05XC	Vitaminas,
902	B05ZB	Hemofiltrados,
914	B06AB01	Hematina,
918	C01AA	Glucósidos digitálicos,
923	C01AA05	Digoxina,
926	C01AA08	Metildigoxina,
937	C01B	ANTIARRÍTMICOS DE CLASE I Y III,
938	C01BA	Antiarrítmicos de clase Ia,
940	C01BA02	Procainamida,
941	C01BA03	Disopiramida,
949	C01BB01	#,
953	C01BC	Antiarrítmicos de clase Ic,
954	C01BC03	Propafenona,
955	C01BC04	Flecainida,
958	C01BD	Antiarrítmicos de clase III,
959	C01BD01	Amiodarona,
968	C01CA	Agentes adrenérgicos y dopaminérgicos,
969	C01CA01	Etilefrina,
970	C01CA02	Isoprenalina,
971	C01CA03	Norepinefrina,
972	C01CA04	Dopamina,
974	C01CA06	#,
975	C01CA07	Dobutamina,
985	C01CA17	Midodrina,
991	C01CA24	Epinefrina,
996	C01CE02	Milrinona,
1002	C01CX08	Levosimendán,
1005	C01DA02	Trinitrato de glicerilo,
1009	C01DA08	Dinitrato de isosorbida,
1012	C01DA14	Mononitrato de isosorbida,
1015	C01DA52	Trinitrato de glicerilo	/ combinaciones con,
1037	C01DX12	Molsidomina,
1049	C01EA01	#,
1050	C01EB	Otros preparados para el corazón,
1058	C01EB10	Adenosina,
1062	C01EB15	Trimetazidina,
1078	C02AB01	Metildopa (levógira),
1081	C02AC01	Clonidina,
1082	C02AC02	Guanfacina,
1084	C02AC05	Moxonidina,
1093	C02CA	Antagonistas de receptores alfa-adrenérgicos,
1094	C02CA01	Prazosina,
1097	C02CA04	Doxazosina,
1098	C02CA06	Urapidil,
1112	C02DB02	Hidralazina,
1116	C02DC01	#,
1118	C02DD01	Nitroprusiato,
1168	C03AA	Tiazidas	/ monofármacos,
1171	C03AA03	Hidroclorotiazida,
1192	C03AX	Tiazidas	/ combinaciones con otros fármacos,
1195	C03BA	#,
1198	C03BA04	Clortalidona,
1203	C03BA10	Xipamida,
1204	C03BA11	Indapamida,
1219	C03BX	Otros diuréticos de techo bajo,
1221	C03C	DIURÉTICOS DE TECHO ALTO,
1222	C03CA	Sulfonamidas	/ monofármacos,
1223	C03CA01	Furosemida,
1224	C03CA02	Bumetanida,
1225	C03CA03	Piretanida,
1226	C03CA04	Torasemida,
1237	C03D	AGENTES AHORRADORES DE POTASIO,
1238	C03DA	Antagonistas de la aldosterona,
1239	C03DA01	Espironolactona,
1242	C03DB	Otros agentes ahorradores de potasio,
1245	C03E	DIURÉTICOS Y AGENTES AHORRADORES DE POTASIO EN COMBINACIÓN,
1246	C03EA	Diuréticos de techo bajo y agentes ahorradores de potasio,
1247	C03EA01	Hidroclorotiazida y agentes ahorradores de potasio,
1250	C03EA04	Altizida y agentes ahorradores de potasio,
1252	C03EA06	Clortalidona y agentes ahorradores de potasio,
1257	C03EB	Diuréticos de techo alto y agentes ahorradores de potasio,
1258	C03EB01	Furosemida y agentes ahorradores de potasio,
1277	C04AD03	Pentoxifilina,
1280	C04AE01	Ergoloides mesilatos,
1281	C04AE02	Nicergolina,
1282	C04AE04	Dihidroergocristina,
1284	C04AE54	Dihidroergocristina	/ combinaciones con,
1290	C04AX07	Vincamina,
1294	C04AX17	Vinburnina,
1296	C04AX20	Buflomedil,
1297	C04AX21	Naftidrofurilo,
1306	C05AA	Corticosteroides,
1307	C05AA01	#,
1313	C05AA10	Fluocinolona	/ acetónido de,
1314	C05AA11	#,
1317	C05AD01	#,
1319	C05AD03	#,
1324	C05AX	Otros agentes de uso tópico para el tratamiento de hemorroides y fisuras anales,
1327	C05AX03	Otras preparaciones	/ combinaciones,
1332	C05BA01	Heparinoides orgánicos,
1334	C05BA03	Heparina,
1335	C05BA04	Pentosán polisulfato de sodio,
1340	C05BB02	Polidocanol,
1342	C05BB04	Tetradecilsulfato de sodio,
1345	C05BX	Otros agentes esclerosantes,
1346	C05BX01	Dobesilato de calcio,
1353	C05CA04	Troxerutina,
1354	C05CA05	Hidrosmina,
1355	C05CA51	Rutósido	/ combinaciones con,
1356	C05CA53	Diosmina	/ combinaciones con,
1358	C05CX	Otros agentes estabilizadores de capilares,
1360	C07	AGENTES BETA-BLOQUEANTES,
1362	C07AA	Agentes beta	bloqueantes no selectivos,
1366	C07AA05	Propranolol,
1368	C07AA07	Sotalol,
1369	C07AA12	Nadolol,
1378	C07AB	bloqueantes selectivos,
1380	C07AB02	Metoprolol,
1381	C07AB03	Atenolol,
1385	C07AB07	Bisoprolol,
1386	C07AB08	Celiprolol,
1387	C07AB09	Esmolol,
1390	C07AB12	Nebivolol,
1393	C07AG	Agentes bloqueantes alfa y beta,
1394	C07AG01	Labetalol,
1395	C07AG02	Carvedilol,
1404	C07BB	Agentes beta-bloqueantes selectivos y tiazidas,
1406	C07BB03	Atenolol y tiazidas,
1409	C07BB07	Bisoprolol y tiazidas,
1415	C07CA02	Oxprenolol y otros diuréticos,
1419	C07CB	Agentes beta-bloqueantes selectivos y otros diuréticos,
1421	C07CB03	Atenolol y otros diuréticos,
1428	C07DB	Agentes beta-bloqueantes selectivos	/ tiazidas y otros diuréticos,
1429	C07DB01	Atenolol	/ tiazidas y otros diuréticos,
1436	C07FB	Agentes beta-bloqueantes selectivos y bloqueantes de canales de calcio,
1437	C07FB02	Metoprolol y felodipino,
1441	C08CA	Derivados de la dihidropiridina,
1442	C08CA01	Amlodipino,
1443	C08CA02	Felodipino,
1445	C08CA04	Nicardipino,
1446	C08CA05	Nifedipino,
1447	C08CA06	Nimodipino,
1448	C08CA07	Nisoldipino,
1449	C08CA08	Nitrendipino,
1450	C08CA09	Lacidipino,
1452	C08CA11	Manidipino,
1453	C08CA12	Barnidipino,
1454	C08CA13	Lercanidipino,
1460	C08DA	Derivados de la fenilalquilamina,
1461	C08DA01	Verapamilo,
1464	C08DB	Derivados de la benzotiazepina,
1465	C08DB01	Diltiazem,
1477	C09A	#,
1478	C09AA	Inhibidores de la ECA	/ monofármacos,
1479	C09AA01	Captopril,
1480	C09AA02	Enalapril,
1481	C09AA03	Lisinopril,
1482	C09AA04	Perindopril,
1483	C09AA05	Ramipril,
1484	C09AA06	Quinapril,
1485	C09AA07	Benazepril,
1486	C09AA08	Cilazapril,
1487	C09AA09	Fosinopril,
1488	C09AA10	Trandolapril,
1490	C09AA12	Delapril,
1494	C09AA16	Imidapril,
1496	C09BA	Inhibidores de la ECA y diuréticos,
1497	C09BA01	Captopril y diuréticos,
1498	C09BA02	Enalapril y diuréticos,
1499	C09BA03	Lisinopril y diuréticos,
1500	C09BA04	Perindopril y diuréticos,
1501	C09BA05	Ramipril y diuréticos,
1502	C09BA06	Quinapril y diuréticos,
1503	C09BA07	Benazepril y diuréticos,
1504	C09BA08	Cilazapril y diuréticos,
1505	C09BA09	Fosinopril y diuréticos,
1508	C09BB	Inhibidores de la ECA y bloqueantes de canales de calcio,
1509	C09BB05	Ramipril y felodipino,
1510	C09BB10	Trandolapril y verapamilo,
1511	C09C	#,
1512	C09CA	Antagonistas de angiotensina II	/ monofármacos,
1513	C09CA01	Losartán,
1514	C09CA02	Eprosartán,
1515	C09CA03	Valsartán,
1516	C09CA04	Irbesartán,
1518	C09CA06	Candesartán,
1519	C09CA07	Telmisartán,
1520	C09D	ANTAGONISTAS DE ANGIOTENSINA II	/ COMBINACIONES,
1521	C09DA	Antagonistas de angiotensina II y diuréticos,
1522	C09DA01	Losartán y diuréticos,
1523	C09DA03	Valsartán y diuréticos,
1524	C09DA04	Irbesartan y diuréticos,
1525	C09DA06	Candesartán y diuréticos,
1531	C10AA	Inhibidores de la HMG CoA reductasa,
1532	C10AA01	Simvastatina,
1533	C10AA02	Lovastatina,
1534	C10AA03	Pravastatina,
1535	C10AA04	Fluvastatina,
1536	C10AA05	Atorvastatina,
1538	C10AB	Fibratos,
1540	C10AB02	Bezafibrato,
1542	C10AB04	Genfibrozilo,
1543	C10AB05	Fenofibrato,
1550	C10AC01	Colestiramina,
1551	C10AC02	Colestipol,
1552	C10AC03	Colextrán,
1566	C10AX06	Triglicéridos omega-3	/ incluidos otros ésteres y ácidos,
1582	D01AC01	#,
1583	D01AC02	#,
1584	D01AC03	Econazol,
1588	D01AC07	Tioconazol,
1589	D01AC08	#,
1591	D01AC10	Bifonazol,
1592	D01AC11	Oxiconazol,
1593	D01AC12	Fenticonazol,
1595	D01AC14	#,
1597	D01AC16	Flutrimazol,
1599	D01AC52	Miconazol	/ combinaciones con,
1603	D01AE02	Metilrosanilina,
1615	D01AE14	Ciclopirox,
1616	D01AE15	#,
1617	D01AE16	Amorolfina,
1619	D01AE18	Tolnaftato,
1621	D01AE20	#,
1626	D01BA01	Griseofulvina,
1627	D01BA02	Terbinafina,
1631	D02AB	Productos con zinc,
1632	D02AC	Parafina blanda y productos con grasa,
1648	D03AX	Otros cicatrizantes,
1659	D03BA	Enzimas proteolíticas,
1662	D03BA52	Colagenasa	/ combinaciones con,
1665	D04AA	Antihistamínicos para uso tópico,
1669	D04AA04	Tripelenamina,
1671	D04AA10	Prometazina,
1673	D04AA13	Dimetindeno,
1677	D04AA32	#,
1681	D04AB01	#,
1687	D04AB07	Pramocaína,
1688	D04AX	Otros antipruriginosos,
1691	D05AA	Alquitranes,
1693	D05AC01	Ditranol,
1700	D05AX02	Calcipotriol,
1701	D05AX03	Calcitriol,
1702	D05AX04	Tacalcitol,
1703	D05AX05	Tazaroteno,
1707	D05BA02	Metoxsaleno,
1709	D05BB	Retinoides para el tratamiento de la psoriasis,
1711	D05BB02	Acitretina,
1718	D06AA02	#,
1719	D06AA03	#,
1722	D06AX01	#,
1724	D06AX04	#,
1726	D06AX07	Gentamicina,
1728	D06AX09	Mupirocina,
1734	D06BA01	Sulfadiazina argéntica,
1738	D06BA51	Sulfadiazina de plata	/ combinaciones con,
1740	D06BB01	Idoxuridina,
1742	D06BB03	#,
1743	D06BB04	Podofilotoxina,
1745	D06BB06	Penciclovir,
1749	D06BB10	Imiquimod,
1750	D06BX	Otros quimioterápicos,
1751	D06BX01	#,
1757	D07AA02	#,
1760	D07AB01	Clobetasona,
1761	D07AB02	Hidrocortisona	/ butirato de,
1763	D07AB04	Fluocortina,
1775	D07AC01	#,
1776	D07AC02	Fluclorolona,
1777	D07AC03	Desoximetasona,
1778	D07AC04	#,
1779	D07AC05	Fluocortolona,
1780	D07AC06	Diflucortolona,
1782	D07AC08	Fluocinónida,
1784	D07AC10	Diflorasona,
1787	D07AC13	#,
1788	D07AC14	Metilprednisolona	/ aceponato de,
1789	D07AC15	Beclometasona,
1790	D07AC16	Hidrocortisona	/ aceponato de,
1791	D07AC17	Fluticasona,
1792	D07AC18	Prednicarbato,
1796	D07AD01	Clobetasol,
1801	D07BA04	Hidrocortisona con antisépticos,
1811	D07BC04	Diflucortolona con antisépticos,
1815	D07CA01	Hidrocortisona con antibióticos,
1819	D07CB01	Triamcinolona con antibióticos,
1825	D07CC01	Betametasona con antibióticos,
1826	D07CC02	Fluocinolona con antibióticos,
1828	D07CC04	Beclometasona con antibióticos,
1829	D07CC05	Fluocinónida con antibióticos,
1835	D07XA01	Hidrocortisona,
1836	D07XA02	Prednisolona,
1839	D07XB02	Triamcinolona,
1841	D07XB04	Fluorometolona,
1842	D07XB05	Dexametasona,
1844	D07XC	Corticosteroides potentes	/ otras combinaciones,
1845	D07XC01	Betametasona,
1847	D07XC03	Mometasona,
1859	D08AC02	Clorhexidina,
1863	D08AC52	#,
1873	D08AF01	Nitrofural,
1874	D08AG	Productos con iodo,
1876	D08AG02	Povidona iodada,
1877	D08AG03	Yodo,
1884	D08AJ	Compuestos de amonio cuaternario,
1885	D08AJ01	Benzalconio	/ cloruro de,
1893	D08AK	Productos mercuriales,
1902	D08AL01	Nitrato de plata,
1904	D08AX	Otros antisépticos y desinfectantes,
1905	D08AX01	Peróxido de hidrógeno,
1912	D08AX08	Etanol,
1925	D09AA09	#,
1944	D10AD	Retinoides para uso tópico en acné,
1945	D10AD01	#,
1947	D10AD03	Adapaleno,
1948	D10AD04	#,
1953	D10AE01	Peróxido de benzoílo,
1956	D10AF01	Clindamicina,
1957	D10AF02	#,
1960	D10AF52	Eritromicina	/ combinaciones con,
1964	D10AX03	Ácido azelaico,
1968	D10BA	Retinoides para el tratamiento del acné,
1969	D10BA01	Isotretinoína,
1970	D10BX	Otros preparados anti-acné para uso sistémico,
1975	D11AC	Champúes medicinales,
1978	D11AC03	Selenio	/ compuestos con,
1979	D11AC06	#,
1982	D11AC30	Champues Medicinales. Otros,
1985	D11AF	Preparados anti-verrugas y callicidas,
1986	D11AX	Otros productos dermatológicos,
1987	D11AX01	Minoxidil,
1992	D11AX06	Mequinol,
1995	D11AX10	Finasterida,
1996	D11AX11	Hidroquinona,
2015	G01AA10	#,
2024	G01AC05	Decualinio	/ cloruro,
2027	G01AD	Acidos orgánicos,
2035	G01AF01	#,
2036	G01AF02	Clotrimazol,
2037	G01AF04	#,
2042	G01AF11	Ketoconazol,
2043	G01AF12	#,
2049	G01AF20	Combinaciones de derivados imidazólicos,
2059	G01AX11	#,
2060	G01AX12	#,
2062	G01AX14	Lactobacilo	/ fermento,
2073	G02AB	Alcaloides del ergot,
2074	G02AB01	Metilergometrina,
2081	G02AD02	Dinoprostona,
2090	G02BA03	DIU de plástico con progestágeno,
2091	G02BB	Anticonceptivos intravaginales,
2092	G02BB01	Anillo vaginal con progestágeno y estrógeno,
2093	G02C	#,
2095	G02CA01	Ritodrina,
2099	G02CB01	#,
2100	G02CB02	Lisurida,
2101	G02CB03	Cabergolina,
2102	G02CB04	Quinagolida,
2107	G02CC03	#,
2109	G02CX	Otros productos ginecológicos,
2110	G02CX01	Atosiban,
2113	G03AA	Progestágenos y estrógenos	/ preparados de dosis fijas,
2120	G03AA07	Levonorgestrel y estrógeno,
2122	G03AA09	Desogestrel y estrógeno,
2123	G03AA10	Gestodeno y estrógeno,
2124	G03AA11	Norgestimato y estrógeno,
2125	G03AA12	Drospirenona y estrógeno,
2126	G03AB	#,
2129	G03AB03	#,
2131	G03AB05	#,
2132	G03AB06	#,
2134	G03AC	Progestágenos,
2142	G03AC08	Etonogestrel,
2143	G03AC09	Desogestrel,
2148	G03BA03	Testosterona,
2150	G03BB01	Mesterolona,
2155	G03CA03	Estradiol,
2156	G03CA04	Estriol,
2159	G03CA09	Promestrieno,
2161	G03CA57	Estrógenos conjugados,
2172	G03D	#,
2173	G03DA	Derivados del (4) pregneno,
2175	G03DA02	Medroxiprogesterona,
2177	G03DA04	Progesterona,
2186	G03DC	Derivados del estreno,
2188	G03DC02	Noretisterona,
2189	G03DC03	Linestrerol,
2203	G03FA	Progestágenos y estrógenos	/ combinaciones,
2204	G03FA01	Norestisterona y estrógeno,
2218	G03FA15	#,
2219	G03FB	Progestágenos y estrógenos	/ preparados secuenciales,
2220	G03FB01	Norgestrel y estrógeno,
2224	G03FB05	Noretisterona y estrógeno,
2225	G03FB06	Medroxiprogesterona y estrógeno,
2234	G03GA02	Gonadotrofina humana de menopáusicas,
2236	G03GA04	Urofolitropina,
2237	G03GA05	Folitropina alfa,
2238	G03GA06	Folitropina beta,
2239	G03GA07	Lutropina alfa,
2242	G03GB02	Clomifeno,
2246	G03HA01	Ciproterona,
2247	G03HB	Antiandrógenos y estrógenos,
2248	G03HB01	Ciproterona y estrógeno,
2251	G03XA01	Danazol,
2254	G03XB01	Mifepristona,
2255	G03XC	Moduladores selectivos del receptor de estrógeno,
2256	G03XC01	Raloxifeno,
2262	G04BC	Solventes de concreciones urinarias,
2263	G04BD	Antiespasmódicos urinarios,
2265	G04BD02	Flavoxato,
2267	G04BD04	Oxibutinina,
2269	G04BD06	Propiverina,
2270	G04BD07	Tolterodina,
2272	G04BE01	Alprostadil,
2274	G04BE03	Sildenafilo,
2280	G04BX	Otros productos urológicos,
2282	G04BX03	Ácido acetohidroxámico,
2289	G04CA	Antagonistas de los receptores alfa adrenérgicos,
2290	G04CA01	Alfuzosina,
2291	G04CA02	Tamsulosina,
2292	G04CA03	Terazosina,
2293	G04CB	Inhibidores de la testosterona 5-alfa reductasa,
2294	G04CB01	#,
2295	G04CX	Otros fármacos usados en la hipertrofia prostática benigna,
2296	G04CX01	Prunus africanae cortex,
2297	G04CX02	Sabalis serrulatae fructus,
2304	H01AA02	Tetracosáctida,
2308	H01AC01	Somatotropina,
2310	H01AC03	Mecasermina,
2315	H01BA02	Desmopresina,
2317	H01BA04	Terlipresina,
2322	H01BB02	Oxitocina,
2323	H01BB03	Carbetocina,
2327	H01CA02	Nafarelina,
2330	H01CB01	Somatostatina,
2331	H01CB02	Octreotida,
2332	H01CB03	Lanreotida,
2334	H01CC01	Ganirelix,
2335	H01CC02	Cetrorelix,
2338	H02AA	Mineralocorticoides,
2340	H02AA02	Fludrocortisona,
2342	H02AB	Glucocorticoides,
2343	H02AB01	#,
2344	H02AB02	#,
2346	H02AB04	Metilprednisolona,
2347	H02AB05	Parametasona,
2348	H02AB06	#,
2349	H02AB07	Prednisona,
2350	H02AB08	#,
2351	H02AB09	#,
2355	H02AB13	Deflazacort,
2361	H02BX	Corticosteroides para uso sistémico	/ combinaciones,
2369	H03AA01	Levotiroxina sódica,
2380	H03BB01	Carbimazol,
2381	H03BB02	Tiamazol,
2389	H03CA	Terapia con iodo,
2393	H04AA01	Glucagon,
2396	H05AA	Hormonas paratiroideas y análogos,
2399	H05BA	Preparados con calcitonina,
2400	H05BA01	Calcitonina (de salmón	/ sintética),
2403	H05BA04	Elcatonina,
2406	J01A	#,
2407	J01AA	Tetraciclinas,
2409	J01AA02	Doxiciclina,
2414	J01AA07	Tetraciclina,
2415	J01AA08	Minociclina,
2426	J01C	ANTIBACTERIANOS BETALACTÁMICOS	/ PENICILINAS,
2428	J01CA01	Ampicilina,
2431	J01CA04	Amoxicilina,
2447	J01CA51	Ampicilina	/ combinaciones con,
2449	J01CE01	Bencilpenicilina,
2450	J01CE02	Fenoximetilpenicilina,
2456	J01CE08	Benzatina bencilpenicilina,
2457	J01CE09	Penicilina procaína,
2458	J01CE10	Fenoximetilpenicilina benzatina,
2459	J01CE30	#,
2462	J01CF02	Cloxacilina,
2467	J01CG01	Sulbactam,
2471	J01CR02	Amoxicilina e inhibidores de la betalactamasa,
2474	J01CR05	Piperacilina e inhibidores de la betalactamasa,
2476	J01D	OTROS ANTIBACTERIANOS BETALACTÁMICOS,
2477	G04BD11	Fesoterodina,
2478	L04AA24	Abatacept,
2479	N03AF03	Rufinamida,
2481	A10BD05	Metformina y pioglitazona,
2483	J05AF11	Telbivudina,
2484	D06AX13	Retapamulina,
2485	N05AX13	Paliperidona,
2486	B03XA03	Metoxi propilenglicol epoetina beta,
2487	J05AX09	Maraviroc,
2488	L01BB07	Nelarabina,
2489	J07BM02	Papilomavirus (tipos humanos 16	/ 18),
2490	J01XX09	Daptomicina,
2491	C09XA02	Aliskireno,
2492	A10BH02	Vildagliptina,
2493	J02AC04	Posaconazol,
2494	L01XC08	Panitumumab,
2495	L01XE08	Nilotinib,
2496	J05AR06	Emtricitabina	/ tenofovir disoproxilo y efavirenz,
2497	J05AX08	Raltegravir,
2499	R01AD12	Fluticasona	/ furoato de,
2500	J05AR	Combinación de antivirales para el tratamiento de infecciones por VIH,
2501	J05AR03	Tenofovir disoproxilo y emtricitabina,
2502	J05AR01	Zidovudina y lamivudina,
2503	L01XE01	Imatinib,
2504	J07BH02	Rotavirus pentavalente	/ vivo	/ modificado,
2505	J01AA12	Tigeciclina,
2506	L01XE03	Erlotinib,
2507	J05AR02	Lamivudina y abacavir,
2508	S01LA01	Verteporfina,
2511	C02KX02	Ambrisentán,
2512	J07BK02	Zóster	/ virus vivo atenuado,
2513	V03AB35	Sugammadex,
2515	J01DH04	Doripenem,
2516	A16AX07	Sapropterina,
2519	J01DF01	Aztreonam,
2521	J01DH02	Meropenem,
2522	J01DH51	Imipenem y cilastatina,
2525	J01EA01	Trimetoprima,
2536	J01EB20	#,
2539	J01EC02	Sulfadiazina,
2554	J01EE01	Sulfametoxazol y trimetoprima,
2560	J01FA	Macrólidos,
2561	J01FA01	#,
2562	J01FA02	Espiramicina,
2565	J01FA06	Roxitromicina,
2566	J01FA07	Josamicina,
2568	J01FA09	Claritromicina,
2569	J01FA10	#,
2570	J01FA11	Miocamicina,
2575	J01FF01	#,
2576	J01FF02	Lincomicina,
2582	J01GA01	Estreptomicina,
2585	J01GB01	#,
2586	J01GB03	#,
2589	J01GB06	Amikacina,
2595	J01M	QUINOLONAS ANTIBACTERIANAS,
2597	J01MA01	#,
2598	J01MA02	Ciprofloxacino,
2602	J01MA06	Norfloxacino,
2608	J01MA12	Levofloxacino,
2610	J01MA14	Moxifloxacino,
2617	J01MB04	Ácido pipemídico,
2628	J01XA01	Vancomicina,
2629	J01XA02	Teicoplanina,
2631	J01XB01	Colistina,
2634	J01XC01	#,
2636	J01XD01	#,
2640	J01XE01	Nitrofurantoína,
2643	J01XX01	Fosfomicina,
2646	J01XX04	Espectinomicina,
2650	J01XX08	Linezolid,
2654	J02AA01	Amfotericina B,
2658	J02AB02	#,
2659	J02AC	Derivados triazólicos,
2660	J02AC01	Fluconazol,
2661	J02AC02	Itraconazol,
2664	J02AX04	Caspofungina,
2673	J04AB02	Rifampicina,
2675	J04AB04	Rifabutina,
2676	J04AB30	Capreomicina,
2677	J04AC	Hidrazidas,
2678	J04AC01	Isoniazida,
2679	J04AC51	Isoniazida	/ combinaciones con,
2685	J04AK01	Pirazinamida,
2686	J04AK02	Etambutol,
2689	J04AM	Combinaciones de fármacos para el tratamiento de la tuberculosis,
2691	J04AM02	Rifampicina e isoniazida,
2696	J04BA01	Clofazimina,
2697	J04BA02	Dapsona,
2704	J05AB01	#,
2707	J05AP01	Ribavirina,
2708	J05AB06	#,
2709	J05AB09	Famciclovir,
2710	J05AB11	Valaciclovir,
2711	J05AB12	Cidofovir,
2718	J05AD01	Foscarnet,
2721	J05AE01	Saquinavir,
2722	J05AE02	Indinavir,
2723	J05AE03	Ritonavir,
2728	J05AF01	Zidovudina,
2729	J05AF02	Didanosina,
2731	J05AF04	Estavudina,
2732	J05AF05	Lamivudina,
2733	J05AF06	Abacavir,
2735	J05AG	Inhibidores no nucleosidicos de la transcriptasa inversa,
2736	J05AG01	Nevirapina,
2738	J05AG03	Efavirenz,
2740	J05AH01	Zanamivir,
2741	J05AH02	Oseltamivir,
2744	J05AX02	Lisozima,
2757	J06BA01	Inmunoglobulinas humanas normales para adm. extravascular,
2758	J06BA02	Inmunoglobulinas humanas normales para adm. intravascular,
2760	J06BB01	Inmunoglobulina anti-D (rh),
2761	J06BB02	Inmunoglobulina antitetánica,
2763	J06BB04	Inmunoglobulina antihepatitis B,
2764	J06BB05	Inmunoglobulina antirrábica,
2775	J06BB16	Palivizumab,
2786	J07AE01	Colera	/ celula entera inactivada,
2792	J07AG01	Haemophilus influenzae B	/ antígeno purificado conjugado,
2795	J07AH	Vacunas antimeningococo,
2798	J07AH03	Meningococo A	/ C	/ antígeno bivalente constituido por polisacáridos purificados,
2806	J07AJ52	Pertussis	/ antígeno purificado	/ combinación con toxoides,
2810	J07AL01	Neumococo	/ antigeno constituido por polisacaridos purificados,
2811	J07AL02	Neumococo	/ antígenos conjugado constituido por polisacáridos purificados,
2814	J07AM51	Tetánico	/ toxoide	/ combinaciones con toxoide diftérico,
2817	J07AN01	Tuberculosis	/ micobacteria viva atenuada,
2819	J07AP01	Tifoidea	/ viva atenuada	/ oral,
2821	J07AP03	Tifoidea	/ antígeno constituido por polisacárido purificado,
2829	J07BA02	Encefalitis japonesa	/ virus entero inactivado,
2832	J07BB02	Influenza	/ antígeno purificado,
2834	J07BC01	Hepatitis B	/ antígeno purificado de,
2835	J07BC02	Hepatitis A	/ virus entero inactivado,
2836	J07BC20	#,
2840	J07BD52	Sarampión	/ virus vivo atenuado combinado con la vacuna contra la parotiditis y la rubeola,
2849	J07BG01	Rabia	/ virus entero inactivado,
2851	J07BH01	Rotavirus	/ virus vivo atenuado,
2856	J07BK01	Varicela	/ virus vivo atenuado,
2858	J07BL01	Fiebre amarilla	/ virus vivo atenuado,
2863	J07CA02	Difteria-pertussis-poliomielitis-tétanos,
2866	J07CA05	Difteria-hepatitis B-pertussis-tétanos,
2867	J07CA06	tétanos,
2875	L01AA01	Ciclofosfamida,
2876	L01AA02	Clorambucilo,
2877	L01AA03	Melfalán,
2879	L01AA06	Ifosfamida,
2883	L01AB01	Busulfano,
2887	L01AC01	Tiotepa,
2891	L01AD01	Carmustina,
2895	L01AD05	Fotemustina,
2903	L01AX03	Temozolomida,
2904	L01AX04	Dacarbazina,
2907	L01BA01	#,
2908	L01BA03	Raltitrexed,
2910	L01BB02	Mercaptopurina,
2911	L01BB03	Tioguanina,
2912	L01BB04	#,
2913	L01BB05	Fludarabina,
2915	L01BC01	Citarabina,
2916	L01BC02	Fluorouracilo,
2917	L01BC03	Tegafur,
2919	L01BC05	Gemcitabina,
2920	L01BC06	Capecitabina,
2921	L01BC52	Fluorouracilo	/ combinaciones con,
2922	L01BC53	Tegafur	/ combinaciones con,
2924	L01CA	Alcaloides de la Vinca y análogos,
2925	L01CA01	Vinblastina,
2926	L01CA02	Vincristina,
2927	L01CA03	Vindesina,
2928	L01CA04	Vinorelbina,
2930	L01CB01	Etopósido,
2935	L01CD01	Paclitaxel,
2936	L01CD02	Docetaxel,
2941	L01DB01	Doxorubicina,
2942	L01DB02	Daunorubicina,
2943	L01DB03	Epirubicina,
2946	L01DB06	Idarubicina,
2947	L01DB07	Mitoxantrona,
2951	L01DC01	Bleomicina,
2953	L01DC03	Mitomicina,
2956	L01XA01	Cisplatino,
2957	L01XA02	Carboplatino,
2958	L01XA03	Oxaliplatino,
2960	L01XB01	Procarbazina,
2961	L01XC	Anticuerpos monoclonales,
2963	L01XC02	Rituximab,
2964	L01XC03	Trastuzumab,
2968	L01XD03	Aminolevulinato de metilo,
2973	L01XX05	Hidroxicarbamida,
2975	L01XX08	Pentostatina,
2976	L01XX09	Miltefosina,
2978	L01XX11	Estramustina,
2979	L01XX14	Tretinoína,
2981	L01XX17	Topotecán,
2983	L01XX19	Irinotecán,
2984	L01XX22	Alitretinoina,
2985	L01XX23	Mitotano,
2986	L01XX24	Pegaspargasa,
2987	L01XX25	Bexaroteno,
2988	L01XX27	Arsénico	/ trióxido de,
3000	L02AB01	Megestrol,
3001	L02AB02	#,
3004	L02AE01	Buserelina,
3005	L02AE02	Leuprorelina,
3006	L02AE03	Goserelina,
3007	L02AE04	Triptorelina,
3011	L02BA01	Tamoxifeno,
3013	L02BA03	Fulvestrant,
3015	L02BB01	Flutamida,
3017	L02BB03	Bicalutamida,
3018	L02BG	Inhibidores de la aromatasa,
3021	L02BG03	Anastrozol,
3022	L02BG04	Letrozol,
3024	L02BG06	Exemestano,
3028	L03AA02	Filgrastim,
3031	L03AA10	Lenograstim,
3036	L03AB03	Interferón gamma,
3037	L03AB04	Interferon alfa-2a,
3038	L03AB05	Interferón alfa-2b,
3040	L03AB07	Interferón beta-1a,
3041	L03AB08	Interferón beta-1b,
3043	L03AB10	Peginterferón alfa-2b,
3044	L03AB11	Peginterferón alfa-2a,
3046	L03AC01	Aldesleukina,
3048	L03AX	Otros inmunoestimulantes,
3051	L03AX03	Vacuna BCG,
3058	L03AX11	Tasonermina,
3060	L03AX13	Glatirámero	/ acetato de,
3063	L04AA	Inmunosupresores selectivos,
3067	L04AA04	Inmunoglobulina antitimocítica (conejo),
3069	L04AA06	Ácido micofenólico,
3072	L04AA10	Sirolimus,
3075	L04AA13	Leflunomida,
3078	L04AX01	Azatioprina,
3083	M01AA	Butilpirazolidinas,
3084	M01AA01	Fenilbutazona,
3089	M01AB	Derivados del ácido acético y sustancias relacionadas,
3090	M01AB01	Indometacina,
3094	M01AB05	#,
3104	M01AB15	Ketorolaco,
3105	M01AB16	Aceclofenaco,
3108	M01AB55	Diclofenaco	/ combinaciones con,
3109	M01AC	Oxicams,
3110	M01AC01	Piroxicam,
3111	M01AC02	Tenoxicam,
3113	M01AC05	Lornoxicam,
3114	M01AC06	Meloxicam,
3115	M01AE	Derivados del ácido propiónico,
3116	M01AE01	Ibuprofeno,
3117	M01AE02	Naproxeno,
3118	M01AE03	Ketoprofeno,
3124	M01AE09	Flurbiprofeno,
3129	M01AE14	Dexibuprofeno,
3132	M01AE17	Dexketoprofeno,
3133	M01AE51	Ibuprofeno	/ combinaciones con,
3134	M01AE53	Ketoprofeno	/ combinaciones con,
3135	M01AG	Fenamatos,
3136	M01AG01	Ácido mefenámico,
3140	M01AH	Coxibs,
3141	M01AH01	Celecoxib,
3143	M01AX	Otros agentes antiinflamatorios y antirreumáticos no esteroideos,
3144	M01AX01	Nabumetona,
3145	M01AX02	Ácido niflúmico,
3147	M01AX05	Glucosamina,
3154	M01AX21	Diacereína,
3155	M01AX22	Morniflumato,
3157	M01AX24	Oxaceprol,
3160	M01BA	Agentes antiinflamatorios/antirreumáticos en combinación con corticosteroides,
3169	M01CB01	Aurotiomalato de sodio,
3171	M01CB03	Auranofina,
3175	M01CC01	Penicilamina,
3177	M01CX	Otros agentes antirreumáticos específicos,
3185	M02AA05	Bencidamina,
3186	M02AA06	Etofenamato,
3187	M02AA07	#,
3190	M02AA10	#,
3193	M02AA13	#,
3195	M02AA15	#,
3202	M02AA23	#,
3204	M02AB	Preparados con capsaicina y agentes similares,
3205	M02AC	Preparados con ácido salicílico y derivados,
3206	M02AX	Otros productos tópicos para el dolor articular y muscular,
3209	M02AX10	#,
3217	M03AB01	Suxametonio	/ cloruro de,
3221	M03AC03	Vecuronio	/ bromuro de,
3222	M03AC04	Atracurio	/ besilato de,
3227	M03AC09	Rocuronio	/ bromuro de,
3229	M03AC11	Cisatracurio	/ besilato de,
3231	M03AX01	Botulínica	/ toxina,
3236	M03BA03	Metocarbamol,
3241	M03BA53	Metocarbamol	/ combinaciones excluyendo psicolépticos,
3256	M03BX01	Baclofeno,
3257	M03BX02	Tizanidina,
3262	M03BX07	Tetrazepam,
3263	M03BX08	Ciclobenzaprina,
3270	M04AA	Preparados que inhiben la producción de ácido úrico,
3271	M04AA01	Alopurinol,
3277	M04AB03	Benzbromarona,
3279	M04AC	Preparados sin efecto sobre el metabolismo del ácido úrico,
3280	M04AC01	Colchicina,
3286	M05BA	Bifosfonatos,
3287	M05BA01	Ácido etidrónico,
3288	M05BA02	Ácido clodrónico,
3289	M05BA03	Ácido pamidrónico,
3290	M05BA04	Ácido alendrónico,
3291	M05BA05	Ácido tiludrónico,
3292	M05BA06	Ácido ibandrónico,
3293	M05BA07	Ácido risedrónico,
3294	M05BA08	Ácido zoledrónico,
3295	M05BB	Bifosfonatos	/ combinaciones,
3298	M05BC01	BMP-2,
3299	M05BC02	BMP-7,
3300	M05BX	Otros agentes que afectan la estructura ósea y la mineralización,
3311	M09AX	Otros fármacos para desórdenes del sistema musculoesquelético,
3312	M09AX01	Ácido hialurónico,
3326	N01AB06	Isoflurano,
3327	N01AB07	Desflurano,
3328	N01AB08	Sevoflurano,
3332	N01AF03	Tiopental sódico,
3336	N01AH01	#,
3337	N01AH02	Alfentanilo,
3338	N01AH03	Sufentanilo,
3341	N01AH06	Remifentanilo,
3345	N01AX03	Ketamina,
3348	N01AX07	Etomidato,
3349	N01AX10	Propofol,
3351	N01AX13	Oxido nitroso,
3356	N01BA02	Procaína,
3357	N01BA03	Tetracaína,
3359	N01BA05	Benzocaína,
3360	N01BA52	Procaína	/ combinaciones con,
3361	N01BB	Amidas,
3362	N01BB01	Bupivacaína,
3363	N01BB02	Lidocaína,
3364	N01BB03	Mepivacaína,
3365	N01BB04	Prilocaína,
3370	N01BB09	Ropivacaína,
3371	N01BB10	Levobupivacaína,
3372	N01BB20	#,
3373	N01BB51	Bupivacaína	/ combinaciones con,
3374	N01BB52	Lidocaína	/ combinaciones con,
3375	N01BB53	Mepivacaína	/ combinaciones con,
3378	N01BB58	Articaína	/ combinaciones con,
3382	N01BX01	Cloruro de etilo,
3385	N01BX04	Capsaicina,
3389	N02AA01	Morfina,
3391	N02AA03	Hidromorfona,
3393	N02AA05	Oxicodona,
3400	N02AA79	Codeína	/ combinaciones con psicolépticos,
3403	N02AB02	Petidina,
3404	N02AB03	Fentanilo,
3416	N02AD01	Pentazocina,
3419	N02AE01	Buprenorfina,
3430	N02AX02	Tramadol,
3432	N02AX52	Tramadol	/ combinaciones con,
3435	N02BA01	Ácido acetilsalicílico,
3450	N02BA51	Ácido acetilsalicílico	/ combinaciones excluyendo psicolépticos,
3459	N02BB	Pirazolonas,
3461	N02BB02	Metamizol sódico,
3465	N02BB51	Fenazona	/ combinaciones excluyendo psicolépticos,
3468	N02BB54	Propifenazona	/ combinaciones excluyendo psicolépticos,
3474	N02BE01	Paracetamol,
3478	N02BE51	Paracetamol	/ combinaciones excluyendo psicolépticos,
3484	N02BG	Otros analgésicos y antipiréticos,
3492	N02CA	#,
3493	N02CA01	Dihidroergotamina,
3497	N02CA51	Dihidroergotamina	/ combinaciones con,
3498	N02CA52	Ergotamina	/ combinaciones excluyendo psicolépticos,
3502	N02CC	Agonistas selectivos de serotonina (5-HT1),
3503	N02CC01	Sumatriptán,
3504	N02CC02	Naratriptán,
3505	N02CC03	Zolmitriptán,
3506	N02CC04	Rizatriptán,
3507	N02CC05	Almotriptán,
3508	N02CX	Otros preparados antimigrañosos,
3509	N02CX01	Pizotifeno,
3516	N03AA	Barbitúricos y derivados,
3518	N03AA02	Fenobarbital,
3519	N03AA03	Primidona,
3522	N03AB	Derivados de la hidantoína,
3524	N03AB02	Fenitoína,
3535	N03AD01	Etosuximida,
3540	N03AE01	Clonazepam,
3542	N03AF01	Carbamazepina,
3543	N03AF02	Oxcarbazepina,
3545	N03AG01	Ácido valproico,
3546	N03AG02	Valpromida,
3548	N03AG04	Vigabatrina,
3550	N03AG06	Tiagabina,
3554	N03AX09	Lamotrigina,
3556	N03AX11	Topiramato,
3557	N03AX12	Gabapentina,
3559	N03AX14	Levetiracetam,
3564	N04AA01	Trihexifenidilo,
3565	N04AA02	Biperideno,
3567	N04AA04	Prociclidina,
3583	N04BA02	Levodopa con inhibidor de la descarboxilasa,
3586	N04BC	Agonistas dopaminérgicos,
3587	N04BC01	Bromocriptina,
3590	N04BC04	Ropinirol,
3591	N04BC05	Pramipexol,
3592	N04BC06	#,
3593	N04BC07	Apomorfina,
3594	N04BD	Inhibidores de la monoaminoxidasa B,
3595	N04BD01	Selegilina,
3597	N04BX01	Tolcapona,
3598	N04BX02	Entacapona,
3603	N05AA01	Clorpromazina,
3604	N05AA02	Levomepromazina,
3612	N05AB02	Flufenazina,
3613	N05AB03	Perfenazina,
3616	N05AB06	Trifluoperazina,
3622	N05AC01	Periciazina,
3625	N05AC04	Pipotiazina,
3627	N05AD01	Haloperidol,
3634	N05AD08	Droperidol,
3639	N05AE03	Sertindol,
3640	N05AE04	Ziprasidona,
3646	N05AF05	Zuclopentixol,
3649	N05AG02	Pimozida,
3651	N05AH	Diazepinas	/ oxazepinas	/ tiazepinas y oxepinas,
3652	N05AH01	Loxapina,
3653	N05AH02	Clozapina,
3654	N05AH03	Olanzapina,
3655	N05AH04	Quetiapina,
3659	N05AL01	Sulpirida,
3661	N05AL03	Tiaprida,
3663	N05AL05	Amisulprida,
3666	N05AN01	Litio,
3669	N05AX08	Risperidona,
3675	N05BA01	Diazepam,
3676	N05BA02	Clordiazepóxido,
3679	N05BA05	Clorazepato de potasio,
3680	N05BA06	Lorazepam,
3682	N05BA08	Bromazepam,
3683	N05BA09	Clobazam,
3684	N05BA10	Ketazolam,
3686	N05BA12	Alprazolam,
3687	N05BA13	Halazepam,
3688	N05BA14	Pinazepam,
3694	N05BA21	Clotiazepam,
3699	N05BB01	Hidroxizina,
3745	N05CD01	Flurazepam,
3747	N05CD03	Flunitrazepam,
3749	N05CD05	Triazolam,
3750	N05CD06	Lormetazepam,
3752	N05CD08	Midazolam,
3753	N05CD09	Brotizolam,
3754	N05CD10	Quazepam,
3755	N05CD11	Loprazolam,
3762	N05CF	Fármacos relacionados con las benzodiazepinas,
3763	N05CF01	Zopiclona,
3764	N05CF02	Zolpidem,
3766	N05CM	Otros hipnóticos y sedantes,
3768	N05CM02	Clometiazol,
3775	N05CM09	Valerianae radix,
3782	N05CX	Hipnóticos y sedantes en combinación	/ excluyendo barbitúricos,
3791	N06AA	Inhibidores no selectivos de la recaptación de monoaminas,
3793	N06AA02	Imipramina,
3795	N06AA04	Clomipramina,
3797	N06AA06	Trimipramina,
3800	N06AA09	Amitriptilina,
3801	N06AA10	Nortriptilina,
3803	N06AA12	Doxepina,
3811	N06AA21	Maprotilina,
3813	N06AB	Inhibidores selectivos de la recaptación de serotonina,
3815	N06AB03	Fluoxetina,
3816	N06AB04	Citalopram,
3817	N06AB05	Paroxetina,
3818	N06AB06	Sertralina,
3820	N06AB08	Fluvoxamina,
3822	N06AF	Inhibidores no selectivos de la monoaminooxidasa,
3826	N06AF04	Tranilcipromina,
3829	N06AG	Inhibidores de la monoaminooxidasa A,
3830	N06AG02	Moclobemida,
3832	N06AX	Otros antidepresivos,
3835	N06AX03	Mianserina,
3837	N06AX05	Trazodona,
3843	N06AX11	Mirtazapina,
3845	N06AX14	Tianeptina,
3847	N06AX16	Venlafaxina,
3849	N06AX18	Reboxetina,
3855	N06BA04	Metilfenidato,
3858	N06BA07	Modafinilo,
3861	N06BC01	Cafeína,
3863	N06BX	Otros psicoestimulantes y nootrópicos,
3866	N06BX03	Piracetam,
3867	N06BX04	Deanol,
3869	N06BX06	Citicolina,
3871	N06BX08	Pirisudanol,
3881	N06BX18	Vinpocetina,
3884	N06CA01	Amitriptilina y psicolépticos,
3885	N06CA02	Melitraceno y psicolépticos,
3890	N06DA02	Donepezilo,
3891	N06DA03	Rivastigmina,
3892	N06DA04	Galantamina,
3893	N06DX	Otros fármacos anti-demencia,
3894	N06DX01	Memantina,
3895	N06DX02	Ginkgo folium,
3899	N07AA01	Neostigmina,
3900	N07AA02	Piridostigmina,
3908	N07AX01	#,
3912	N07BA01	Nicotina,
3915	N07BB01	Disulfiram,
3916	N07BB02	Carbimida cálcica,
3917	N07BB03	Acamprosato,
3918	N07BB04	Naltrexona,
3921	N07BC02	Metadona,
3925	N07CA01	Betahistina,
3926	N07CA02	Cinarizina,
3927	N07CA03	Flunarizina,
3934	N07XX02	Riluzol,
3945	P01AB01	Metronidazol,
3946	P01AB02	Tinidazol,
3967	P01AX06	Atovacuona,
3974	P01BA01	Cloroquina,
3975	P01BA02	Hidroxicloroquina,
3981	P01BB51	Proguanil	/ combinaciones con,
3986	P01BD01	Pirimetamina,
4001	P01CB01	Meglumina	/ antimoniato de,
4010	P01CX01	Pentamidina	/ isetionanto de,
4026	P02CA01	Mebendazol,
4028	P02CA03	Albendazol,
4034	P02CB01	Piperazina,
4037	P02CC01	Pirantel,
4069	P03AC04	Permetrina,
4098	R01AA04	#,
4099	R01AA05	#,
4101	R01AA07	#,
4102	R01AA08	#,
4103	R01AA09	Tramazolina,
4109	R01AB	Simpaticomiméticos	/ combinaciones excluyendo corticosteroides,
4114	R01AB06	Xilometazolina,
4115	R01AB07	#,
4118	R01AC01	Ácido cromoglícico,
4119	R01AC02	Levocabastina,
4120	R01AC03	Azelastina,
4126	R01AD	#,
4127	R01AD01	#,
4131	R01AD05	#,
4134	R01AD08	#,
4135	R01AD09	#,
4136	R01AD11	#,
4138	R01AD53	Dexametasona	/ combinaciones con,
4141	R01AX	Otros preparados nasales,
4143	R01AX02	Retinol,
4144	R01AX03	Ipratropio	/ bromuro de,
4149	R01AX10	Varios,
4150	R01AX30	#,
4154	R01BA02	Pseudoefedrina,
4157	R01BA52	Pseudoefedrina	/ combinaciones con,
4158	R01BA53	Fenilefrina	/ combinaciones con,
4161	R02AA	Antisépticos,
4164	R02AA03	Alcohol diclorobencílico,
4165	R02AA05	#,
4173	R02AA15	#,
4178	R02AA20	#,
4179	R02AB	#,
4180	R02AB01	Neomicina,
4182	R02AB03	Fusafungina,
4185	R02AD	Anestésicos locales,
4198	R03AC02	Salbutamol,
4199	R03AC03	Terbutalina,
4208	R03AC12	Salmeterol,
4209	R03AC13	Formoterol,
4215	R03AK	Adrenergicos en combinacion con corticosteroides u otras agentes	/ excluyendo los anticolinergicos,
4221	R03AK06	Salmeterol y fluticasona,
4222	R03AK07	Formoterol y budesonida,
4225	R03BA01	#,
4226	R03BA02	Budesonida,
4229	R03BA05	#,
4231	R03BA07	#,
4232	R03BB	Anticolinérgicos,
4233	R03BB01	#,
4236	R03BB04	Tiotropio	/ bromuro de	/,
4238	R03BC01	#,
4239	R03BC03	Nedocromilo,
4244	R03CA02	#,
4252	R03CC02	#,
4253	R03CC03	#,
4262	R03CC12	Bambuterol,
4265	R03CC53	Terbutalina	/ combinaciones con,
4272	R03DA04	Teofilina,
4281	R03DA51	Diprofilina	/ combinaciones con,
4294	R03DC01	Zafirlukast,
4296	R03DC03	Montelukast,
4302	R03DX05	Omalizumab,
4303	R05	PREPARADOS PARA LA TOS Y EL RESFRÍADO,
4305	R05CA	Expectorantes,
4308	R05CA03	Guaifenesina,
4315	R05CA10	#,
4317	R05CB	Mucolíticos,
4318	R05CB01	Acetilcisteína,
4319	R05CB02	Bromhexina,
4320	R05CB03	Carbocisteína,
4322	R05CB05	#,
4323	R05CB06	Ambroxol,
4324	R05CB07	Sobrerol,
4327	R05CB10	#,
4330	R05CB13	Dornasa alfa (desoxirribonucleasa),
4337	R05DA04	Codeína,
4340	R05DA07	Noscapina,
4342	R05DA09	Dextrometorfano,
4344	R05DA11	Dimemorfano,
4345	R05DA20	#,
4365	R05DB21	Cloperastina,
4371	R05DB27	Levodropropizina,
4375	R05FA02	Derivados del opio y expectorantes,
4376	R05FB	Otros supresores de la tos y expectorantes,
4378	R05FB02	Supresores de la tos y expectorantes,
4379	R05X_	#,
4384	R06AA02	Difenhidramina,
4385	R06AA04	Clemastina,
4389	R06AA09	Doxilamina,
4390	R06AA52	Difenhidramina	/ combinaciones con,
4396	R06AB02	Dexclorfeniramina,
4416	R06AD01	Alimemazina,
4417	R06AD02	#,
4418	R06AD03	Tietilperazina,
4422	R06AD07	Mequitazina,
4425	R06AD52	Prometazina	/ combinaciones con,
4431	R06AE05	Meclozina,
4433	R06AE07	Cetirizina,
4434	A10BD08	Metformina y vildagliptina,
4441	R06AX02	Ciproheptadina,
4449	R06AX12	Terfenadina,
4450	R06AX13	Loratadina,
4453	R06AX17	#,
4457	R06AX22	Ebastina,
4460	R06AX25	Mizolastina,
4461	R06AX26	Fexofenadina,
4462	R06AX27	Desloratadina,
4463	R06AX28	Rupatadina,
4470	R07AA02	Fosfolípidos naturales,
4484	R07AX	Otros productos para el sistema respiratorio,
4489	S01AA01	Cloranfenicol,
4490	S01AA02	Clortetraciclina,
4492	S01AA04	Oxitetraciclina,
4497	S01AA11	#,
4498	S01AA12	Tobramicina,
4499	S01AA13	Ácido fusídico,
4503	S01AA17	Eritromicina,
4506	S01AA20	Antibióticos en combinación con otras farmacos,
4512	S01AA30	Combinaciones de diferentes antibióticos,
4522	S01AD03	Aciclovir,
4527	S01AD09	Ganciclovir,
4547	S01BA	Corticosteroides	/ monofármacos,
4548	S01BA01	#,
4549	S01BA02	#,
4551	S01BA04	#,
4554	S01BA07	#,
4560	S01BA13	Rimexolona,
4564	S01BB03	Fluorometolona y midriáticos,
4569	S01BC03	Diclofenaco,
4571	S01BC05	#,
4578	S01CA01	#,
4579	S01CA02	Prednisolona y antiinfecciosos,
4596	S01CC01	Diclofenaco y antiinfecciosos,
4601	S01EA03	Apraclonidina,
4603	S01EA05	Brimonidina,
4606	S01EB01	Pilocarpina,
4614	S01EB09	Acetilcolina,
4619	S01EC01	Acetazolamida,
4621	S01EC03	Dorzolamida,
4622	S01EC04	Brinzolamida,
4623	S01ED	Agentes betabloqueantes,
4624	S01ED01	Timolol,
4625	S01ED02	Betaxolol,
4626	S01ED03	Levobunolol,
4628	S01ED05	Carteolol,
4630	S01ED51	Timolol	/ combinaciones con,
4637	A10BJ02	Liraglutida,
4640	S01FA01	Atropina,
4643	S01FA04	Ciclopentolato,
4644	S01FA05	Homatropina,
4645	S01FA06	Tropicamida,
4646	S01FA56	Tropicamida	/ combinaciones con,
4648	S01FB01	#,
4653	S01GA01	Nafazolina,
4654	S01GA02	Tetrizolina,
4656	S01GA04	Oximetazolina,
4657	S01GA05	Fenilefrina,
4659	S01GA51	Nafazolina	/ combinaciones con,
4660	S01GA52	Tetrizolina	/ combinaciones con,
4665	S01GX01	#,
4666	S01GX02	#,
4667	S01GX03	Ácido espaglúmico,
4668	S01GX04	Nedocromil,
4669	S01GX05	Lodoxamida,
4670	S01GX06	Emedastina,
4671	S01GX07	#,
4672	S01GX08	Ketotifeno,
4673	S01GX09	Olopatadina,
4678	S01HA02	Oxibuprocaína,
4684	S01HA30	#,
4687	S01JA01	Fluoresceína,
4689	S01JA51	Fluoresceína	/ combinaciones con,
4699	S01XA	Otros oftalmológicos,
4702	S01XA03	Cloruro de sodio	/ hipertónico,
4704	S01XA05	Edetato de sodio,
4715	S01XA20	Lágrimas artificiales y otros preparados inertes,
4741	S02CA	Corticosteroides y antiinfecciosos en combinación,
4744	S02CA03	#,
4746	S02CA05	Fluocinolona	/ acetónido y antiinfecciosos,
4747	S02CA06	Dexametasona y antiinfecciosos,
4753	S02DA30	Combinaciones,
4754	S02DC	Preparados inertes,
4774	S03CA01	#,
4776	S03CA04	Hidrocortisona y antiinfecciosos,
4785	V01AA02	Polen de plantas,
4786	V01AA03	Ácaros de polvo ambiental,
4797	V03AB	Antídotos,
4807	V03AB14	Protamina,
4808	V03AB15	Naloxona,
4816	V03AB23	#,
4818	V03AB25	Flumazenil,
4824	V03AB33	#,
4827	V03AC01	Deferoxamina,
4828	V03AC02	Deferiprona,
4830	V03AE01	Poliestireno	/ sulfonato de,
4831	V03AE02	Sevelámero,
4833	V03AF01	Mesna,
4834	V03AF02	Dexrazoxano,
4835	V03AF03	Folinato de calcio,
4836	V03AF04	Levofolinato de calcio,
4837	V03AF05	Amifostina,
4838	V03AF06	Folinato de sodio,
4839	V03AF07	Rasburicasa,
4844	A11HA08	Tocofersolán,
4847	V03AX	Otros productos terapéuticos,
4864	V04CD01	Metirapona,
4867	V04CD05	Somatorelina,
4872	V04CF01	Tuberculina,
4887	V04CJ01	Tirotropina,
4888	V04CJ02	Protirelina,
4893	V04CL	Pruebas para enfermedades alérgicas,
4896	V04CX	Otros agentes diagnósticos,
4916	V07AB	Agentes solventes y diluyentes	/ incluyendo soluciones para irrigación,
4929	V08AA	Medios de contraste para rayos-X de alta osmolaridad	/ hidrosolubles y nefrotrópicos,
4930	V08AA01	Ácido diatrizoico,
4931	V08AA02	Ácido metrizoico,
4940	V08AB	Medios de contraste para rayos-X de baja osmolaridad	/ hidrosolubles y nefrotrópicos,
4942	V08AB02	Iohexol,
4943	V08AB03	Ácido ioxáglico,
4944	V08AB04	Iopamidol,
4945	V08AB05	Iopromida,
4947	V08AB07	Ioversol,
4949	V08AB09	Iodixanol,
4950	V08AB10	Iomeprol,
4951	V08AB11	Iobitridol,
4971	V08BA01	Sulfato de bario con agentes en suspensión,
4975	V08CA01	Ácido gadopentético,
4976	V08CA02	Ácido gadotérico,
4977	V08CA03	Gadodiamida,
4978	V08CA04	Gadoteridol,
4980	V08CA06	Gadoversetamida,
4982	V08CA08	Ácido gadobénico,
4983	V08CA09	Gadobutrol,
4987	V08CB03	Óxido de hierro	/ nanopartículas,
4992	V08DA01	Albúmina humana	/ microesferas de,
4999	V09AA01	Tecnecio (99mTc) exametazima,
5000	V09AA02	Tecnecio (99mTc)	/ bicisato de,
5004	V09AB03	Iodo (123I) ioflupano,
5006	V09AX01	Indio (111In)	/ pentetato de,
5007	L01XE05	Sorafenib,
5010	V09BA01	Tecnecio (99mTc) ácido oxidrónico,
5012	V09BA03	Tecnecio (99mTc)	/ pirofosfato de,
5013	V09BA04	Tecnecio (99mTc) ácido butedrónico,
5016	V09CA01	Tecnecio (99mTc) ácido pentético,
5017	V09CA02	Tecnecio (99mTc) succímero,
5018	V09CA03	Tecnecio (99mTc) mertiátida,
5025	V09CX04	Cromo(51Cr)	/ edetato de,
5027	V09DA	Compuestos con Tecnecio (99mTc),
5031	V09DA04	Tecnecio (99mTc) mebrofenina,
5034	V09DB01	Tecnecio (99mTc) nanocoloidal,
5039	V09DB06	Tecnecio (99mTc) reniosulfuro,
5040	V09DB07	Tecnecio (99mTc) fitato,
5042	V09DX01	Selenio (75Se) acido tauroselcólico,
5046	V09EA02	Tecnecio (99mTc) tecnegas,
5049	V09EB01	Tecnecio (99mTc) macrosalb,
5057	V09FX01	Tecnecio (99mTc)	/ pertecnetato de,
5058	V09FX02	Ioduro (123I) de sodio,
5059	V09FX03	Ioduro (131I) de sodio,
5061	V09GA	#,
5062	V09GA01	Tecnecio (99mTc) sestamibi,
5063	V09GA02	Tecnecio (99mTc) tetrofosmina,
5065	C01EB18	Ranolazina,
5073	V09GX01	Talio (201TL)	/ cloruro de,
5075	V09GX03	Cromo (51Cr)	/ células marcadas con,
5080	V09HA03	Tecnecio (99mTc) anticuerpos antigranulocitos,
5081	V09HA04	Tecnecio (99mTc) sulesomab,
5083	V09HB01	Indio (111In)	/ oxinato de	/ células marcadas con,
5086	V09HX01	Galio (67Ga)	/ citrato de,
5095	V09IB	Compuestos con Indio (111In),
5096	V09IB01	Indio (111In) pentetreotida,
5101	V09IX01	Iobenguano (123I),
5102	V09IX02	#,
5106	V09XA01	Iodo (131I) norcolesterol,
5115	V10AA	Compuestos con Itrio (90Y),
5116	V10AA01	Itrio (90Y) citrato coloidal,
5123	V10AX04	Erbio (169Er) citrato coloidal,
5124	V10AX05	Renio (185Re) sulfuro coloidal,
5128	V10BX01	Estroncio (89Sr) cloruro de,
5129	V10BX02	Samario (153Sm) lexidronam,
5133	V10XA01	Ioduro de sodio (131I),
5134	V10XA02	Iobenguano (131I),
5136	V10XX	Productos radiofarmacéuticos terapéuticos	/ varios,
5140	R06AE09	Levocetirizina,
5141	S01EE01	Latanoprost,
5143	A02BA53	Famotidina	/ combinaciones con,
5144	A16AB05	Laronidase,
5145	A16AX06	Miglustat,
5146	B01AD11	Tenecteplasa,
5147	B01AD12	Proteína C,
5148	B01AX05	Fondaparinux,
5150	C02KX	Otros antihipertensivos,
5151	C02KX01	Bosentano,
5152	C09BB12	Delapril y manidipino,
5153	C10AA07	Rosuvastatina,
5155	C10AC04	Colesevelam,
5156	C10AX09	Ezetimiba,
5158	D05AX52	Calcipotriol	/ combinaciones con,
5161	G03GA08	Coriogonadotropina alfa,
5163	G04BE08	Tadalafilo,
5164	G04BE09	Vardenafilo,
5165	G04CB02	Dutasterida,
5166	H05AA02	Teriparatida,
5167	J01FA15	Telitromicina,
5168	J02AC03	Voriconazol,
5169	J05AB14	Valganciclovir,
5170	J05AF07	Tenofovir disoproxilo,
5172	J07AH07	Meningococo C	/ antígenos conjugado de polisacáridos purificados,
5173	J07CA09	Difteria-Haemophilus influenzae B	pertussis-poliomielitis	tétanos-hepatitis B,
5175	L01CX01	Trabectedina,
5176	L04AA34	Alemtuzumab,
5177	L01XD04	Ácido aminolevulinico,
5179	L03AA13	Pegfilgrastim,
5181	M01AH04	Parecoxib,
5182	M01AX25	Condroitinsulfato,
5183	N02CC06	Eletriptán,
5184	N03AX15	Zonisamida,
5186	N06AB10	Escitalopram,
5191	B02BX04	Romiplostim,
5192	R07AX01	Óxido nítrico,
5195	V08DA05	Hexafluoruro de azufre,
5197	R03BA08	Ciclesonida,
5200	C03DA04	Eplerenona,
5201	S01GX10	Epinastina,
5202	N02CC07	Frovatriptan,
5203	C03X	OTROS DIURÉTICOS,
5204	C03XA	Antagonistas de la vasopresina,
5205	C03XA01	Tolvaptán,
5208	J01DD01	Cefotaxima,
5209	C09BB04	Perindopril y amlodipino,
5211	C09DB02	Olmesartán medoxomilo y amlodipino,
5212	N05AX12	Aripiprazol,
5213	C01EB17	Ivabradina,
5216	A04AD12	Aprepitant,
5217	L01XE10	#,
5221	A10AB06	Insulina glulisina,
5222	A10AD05	#,
5223	A10AE05	Insulina detemir,
5228	A16AB07	Alglucosidasa alfa,
5229	B01AB12	Bemiparina,
5233	B01AE01	Desirudina,
5235	B01AE03	Argatroban,
5236	B01AE06	Bivalirudina,
5237	B02BC30	#,
5241	C01EB16	#,
5246	C09BB02	Enalapril y lercanidipino,
5247	C09CA08	Olmesartan medoxomilo,
5248	C09DA02	Eprosartan y diuréticos,
5249	C09DA07	Telmisartán y diuréticos,
5250	C09DA08	Olmesartán medoxomilo y diuréticos,
5255	D06BA05	Sulfanilamida,
5268	G03AA13	Norelgestromina y estrógeno,
5271	G04BD08	Solifenacina,
5272	G04BD09	Trospio	/ cloruro de,
5275	H01AX01	Pegvisomat,
5276	H05BX01	Cinacalcet,
5278	J01DB01	Cefalexina,
5281	J01DB04	Cefazolina,
5282	J01DB05	Cefadroxilo,
5291	J01DC01	Cefoxitina,
5292	J01DC02	Cefuroxima,
5294	J01DC04	Cefaclor,
5296	J01DC06	Cefonicida,
5303	J01DD02	Ceftazidima,
5305	J01DD04	Ceftriaxona,
5309	J01DD08	Cefixima,
5314	J01DD13	Cefpodoxima,
5315	J01DD14	Ceftibuteno,
5317	J01DD16	Cefditoreno,
5321	J01DE01	Cefepima,
5323	J01DH03	Ertapenem,
5327	J01RA04	Espiramicina	/ combinación con otros antibacterianos,
5328	J02AX05	Micafungina,
5329	J02AX06	Anidulafungina,
5331	J04AM05	Rifampicina	/ pirazinamida e isoniazida,
5332	J04AM06	Rifampicina	/ pirazinamida	/ etambutol e isoniazida,
5333	J05AB15	Brivudina,
5334	J05AE07	Fosamprenavir,
5335	J05AE08	Atazanavir,
5336	J05AF08	Adefovir dipivoxilo,
5337	J05AF09	Emtricitabina,
5338	J05AX07	Enfuvirtida,
5339	J07BD54	Sarampión	/ virus vivo atenuado combinado con la vacuna contra la parotiditis	/ la varicela y la rubeola,
5341	L01BA04	Pemetrexed,
5343	L01XC06	Cetuximab,
5344	L01XC07	Bevacizumab,
5346	L01XX32	Bortezomib,
5348	L01XX35	Anagrelida,
5355	L04AA18	Everolimus,
5358	L04AA23	Natalizumab,
5359	L04AX03	Metotrexato,
5360	M01AH05	Etoricoxib,
5363	M05BX03	Estroncio	/ ranelato de,
5365	N02BG08	Ziconotida,
5367	N03AX16	Pregabalina,
5368	N04BA03	Levodopa con inhibidor de la descarboxilasa e inhibidor de la COMT,
5373	N04BD02	Rasagilina,
5376	N06AX21	Duloxetina,
5377	N06BA09	Atomoxetina,
5380	N07BC51	Buprenorfina	/ combinaciones con,
5381	N07XX04	Oxibato de sodio,
5384	R03DX07	Roflumilast,
5390	S01EE03	Bimatoprost,
5391	S01EE04	Travoprost,
5393	S01FB51	Fenilefrina en asociacion,
5396	V03AE03	Lantano	/ carbonato de,
5397	V03AN01	Oxígeno,
5401	V08CA10	Ácido gadoxético,
5402	V09IX04	Fluodesoxiglucosa (18F),
5403	V10XX02	Ibritumomab tiuxetán (90y),
5408	A01AC53	Hidrocortisona	/ combinaciones con,
5409	A01AD92	Carbenoxolona,
5418	A02AH91	Sodio bicarbonato,
5422	A02BX91	Zinc acexamato,
5433	A03ED93	Metilescopolamina combinada con otras sustancias,
5434	A03FA51	Metoclopramida	/ combinaciones con,
5435	A03FA56	Cleboprida	/ combinaciones con,
5436	A03FA08	Cinitaprida,
5442	A05AX91	Dimecrótico ácido,
5443	A05AX92	Emodina	/ combinaciones con,
5444	A06AB56	Glicósidos de sena	/ combinaciones con,
5445	A06AD91	Magnesio hidroxido,
5447	A07CA91	Sales para rehidratación oral,
5448	A07DA91	Etilmorfina	/ combinaciones con,
5449	A07EA91	#,
5450	A09AA52	Multienzimas asociados a otras sustancias,
5452	A10BB91	Glisentida,
5453	A11BA91	Vitaminas A y E	/ combinaciones con,
5455	A11DB91	Vitamina B1 en combinación con vitamina B6 y/o vitamina B12,
5460	A12AA91	Calcio pidolato,
5461	A12AA92	Complejo oseina-hidroxiapatita,
5462	A12AX91	Calcio fosfato y colecalciferol	/ combinaciones con,
5463	A12AX92	Calcio lactato y colecalciferol	/ combinaciones con,
5464	A12AX93	Calcio carbonato y colecalciferol	/ combinaciones con,
5465	A12AX94	Calcio glucoheptonato y colecalciferol	/ combinaciones con,
5466	A12AX96	Calcio pidolato y colecalciferol	/ combinaciones con,
5467	A12AX97	Otras asociaciones de calcio,
5468	A12BA51	Cloruro de potasio	/ combinaciones con,
5469	A12BA91	Potasio gluceptato,
5472	A12CX91	Fosforo,
5473	A15ZZ91	Ciproheptadina	/ combinaciones con,
5479	C03AX91	Teclotiazida	/ combinaciones con,
5483	C04AX57	Vincamina	/ combinaciones con,
5487	C05AA51	#,
5488	C05AA54	Prednisolona	/ combinaciones con,
5499	D04AX92	Ictiol	/ combinaciones con,
5509	D07AC91	Flupamesona,
5519	D08AD91	Preparados con ácido bórico,
5522	D09AA61	Benzalconio cloruro de	/ combinaciones con	/ en apósito,
5523	D09AA91	Antibióticos	/ combinaciones con	/ en apósito,
5524	D09AX91	Tul con bálsamo de Perú	/ combinaciones con,
5537	B03AA91	Hierro lactato,
5539	B03AB91	Ferritina,
5540	B03AB92	Hierro manitol (Ferrimanitol),
5541	B03AB93	Ferrocolinato,
5542	B03AD91	Hierro gluceptato y fólico ácido	/ combinaciones con,
5543	B05AA92	Dextrano y sodio cloruro	/ combinaciones con,
5547	B05BB91	Sodio cloruro	/ solución parenteral,
5548	B05BB92	Suero glucosalino,
5550	B05DA91	Glucosa con electrolitos	/ diálisis peritoneal isotónica,
5551	B05DA92	Icodextrina con electrolitos	/ diálisis peritoneal isotónica,
5552	B05DB91	Glucosa con electrolitos	/ diálisis peritoneal hipertónica,
5553	B05DB92	Aminoácidos	/ diálisis peritoneal hipertónica,
5557	B05ZB91	#,
5558	C01BA13	Hidroquinidina,
5562	H03CA91	Ioduro potásico,
5564	J01AA92	Doxiciclina y enzimas	/ combinaciones con,
5585	G03GA30	#,
5586	N03AX17	Estiripentol,
5602	C05CX99	Escina,
5633	D01AC51	Clotrimazol	/ combinaciones con,
5640	D02AB92	Zinc óxido	/ combinaciones con,
5641	D02AC91	Vaselina,
5649	D03AX94	Centella asiática	/ extracto de,
5650	D03AX95	Centella asiática extracto y neomicina	/ combinaciones con,
5651	D03AX96	Bálsamo de Perú	/ combinaciones con,
5667	M01AX93	Isonixina,
5670	M01BX91	Corticosteroides y vitaminas	/ combinaciones con,
5677	M02AA28	Piketoprofeno,
5678	M02AA99	Fepradinol,
5681	M02AC92	Salicílico ácido combinaciones con,
5686	M03BX55	Tiocolchicósido	/ combinaciones con,
5688	M04AC51	Colchicina combinaciones con,
5692	M09AX91	Nucleótidos	/ combinaciones con,
5699	G01AX91	Benzalconio cloruro de	/ aluminio y potasio sulfato	/ combinac,
5700	G01BA91	Neomicina con corticosteroides,
5706	G04BC91	Potasio	/ citrato de,
5709	G04BX91	Lespedeza capitata,
5711	G04BX93	Rubia tinctorum combinaciones con,
5712	G04CX51	Pygeum africanum combinaciones con,
5713	G04CX52	Serenoa repens combinaciones con,
5715	G04CX92	Antiadenoma próstata	/ extracto de	/ combinaciones con,
5717	H02BX92	Dexametasona y clemastina	/ combinaciones con,
5718	H02BX93	Prednisolona y clorfenamina	/ combinaciones con,
5719	N05CX92	Glutamato magnésico y prometazina	/ combinaciones con,
5738	N07AA91	Edrofonio,
5740	P02DX91	Sodio cloruro,
5745	J01DI01	Ceftobiprol medocarilo,
5748	J05AC91	Amantadina,
5765	S01BB91	Dexametasona asoc. a midriatico,
5766	S01BB93	Medroxiprogesterona asoc. a midriatico,
5768	S01BZ91	Otras asociaciones de dexametasona,
5772	S01CA94	Prednisona asoc. a antiinfecciosos,
5773	S01CB91	Medroxiprogesterona asoc. a antiinfecciosos y midriaticos,
5774	S01EX91	Glicerina,
5775	S01GX91	Clorfenamina,
5782	S01XA93	Eledoisina,
5783	S01XA95	Cromocarbo,
5790	S02DA93	Laurilsulfato sodico,
5791	S02DC91	Preparados indiferentes,
5794	V03AE07	Calcio acetato,
5801	N02BG91	Clonixinato de lisina,
5809	N05BA51	Diazepam	/ combinaciones con,
5811	N05BA55	Clorazepato dipotásico	/ combinaciones con,
5812	N05BA24	Bentazepam,
5820	N05CM93	Glutamato magnésico bromhidrato,
5826	V04CG91	C-urea (test helicobacter),
5831	V07AB92	Sodio cloruro (disolvente/diluyente),
5850	R02AA52	Decualinio	/ combinaciones con,
5851	R02AA55	Clorhexidina	/ combinaciones con,
5852	R02AB54	Bacitracina	/ combinciones con,
5863	R05CZ93	Penicilinas asociadas a mucolítico y/o expectorante,
5865	R05CZ95	Sulfonamidas asociadas a mucolítico y/o expectorante,
5868	R05DA91	Dihidrocodeina,
5872	R06AA59	Doxilamina	/ combinaciones con,
5874	R06AE57	Cetirizina en asociacion,
5875	R06AE92	Clocinizina en asociacion,
5881	C10BX03	Atorvastatina y Amlodipino,
5883	C10BX	Inhibidores de la HMG-CoA reductasa	/ otras combinaciones,
5884	C10B	AGENTES MODIFICADORES DE LOS LÍPIDOS	/ COMBINACIONES,
5885	D10AF51	Clindamicina	/ combinaciones con,
5889	A15ZZ	Estimulantes del apetito,
5892	M05BB03	Ácido alendrónico y colecalciferol,
5893	V03AF08	Palifermina,
5895	N04BC09	Rotigotina,
5896	H05AA03	Hormonas paratiroideas,
5897	J05AG04	Etravirina,
5898	L01XE	Inhibidores directos de la protein-quinasa,
5899	J05AF10	Entecavir,
5901	J05AE09	Tipranavir,
5903	J07BM01	Papilomavirus (tipos humanos 6	/ 11	/ 16	/ 18),
5904	V03AC03	Deferasirox,
5905	L01XE06	Dasatinib,
5906	C09BA15	Zofenopril y diuréticos,
5907	C09DB01	Valsartán y Amlodipino,
5908	C09DB	Antagonistas de angiotensina II y bloqueantes de canales de calcio,
5909	J05AE10	DARUNAVIR,
5910	S02AA15	#,
5911	L04AX04	Lenalidomida,
5912	L04AA25	Eculizumab,
5913	A08AX	Otros agentes contra la obesidad,
5915	N06AX12	Bupropion,
5916	J07AL52	Antígeno de neumococo polisacárido purificado y Haemophilus influenzae	/ conjugados,
5917	A10BD06	Glimepirida y pioglitazona,
5918	A10BD07	Metformina y sitagliptina,
5919	A10BH	Inhibidores de la 4 peptidasa (DPP	4 peptidasa),
5920	A10BH01	Sitagliptina,
5921	J07BB03	Influenza	/ vibrión vivo atenuado,
5922	B01AE07	Dabigatran etexilato,
5923	L01BC07	Azacitidina,
5925	L01BC08	Decitabina,
5927	C09XA52	Aliskireno e hidroclorotiazida,
5929	D10AD53	Adapaleno	/ combinaciones con,
5930	G02AD06	#,
5936	L01XE09	Temsirolimus,
5939	L02BX02	Degarelix,
5942	L01XE07	Lapatinib,
5946	L03AX15	Mifamurtida,
5948	L04AB05	Certolizumab pegol,
5952	N01AX15	Xenón,
5953	N03AX18	Lacosamida,
5958	S01AA26	Azitromicina,
5959	S01BC10	Nepafenaco,
5960	S01EE05	Tafluprost,
5961	C05AE01	#,
5963	G03CX01	Tibolona,
5964	L04AD01	#,
5965	L04AD02	Tacrólimus,
5967	L03AX16	Plerixafor,
5968	L04AC02	Basiliximab,
5969	L04AB01	Etanercept,
5970	L04AB02	Infliximab,
5971	L04AC03	Anakinra,
5973	L04AB04	Adalimumab,
5974	N07XX06	Tetrabenazina,
5975	N05CH01	Melatonina,
5976	J05AR04	Zidovudina	/ lamivudina y abacavir,
5977	V03AE04	Acetato anhidro de calcio y carbonato de magnesio,
5979	C10AA08	Pitavastatina,
5981	L04AC05	Ustekinumab,
5983	L04AC07	Tocilizumab,
5984	M02AB01	#,
5986	N02AA55	Oxicodona y naloxona,
5987	N03AF04	Eslicarbazepina,
5990	S01XA18	Ciclosporina,
5991	A10BH03	Saxagliptina,
5993	V09IX05	Fluorodopa 18F,
5997	C09DX01	Valsartán	/ amlodipino e hidroclorotiazida,
5999	A04AA05	Palonosetrón,
6000	N06AX22	Agomelatina,
6001	N06AX23	Desvenlafaxina,
6002	C10BA	Inhibidores de la HMG-CoA reductasa en combinación con otros agentes modificadores de lipidos,
6003	G03XC02	Bazedoxifeno,
6004	L01XE02	Gefitinib,
6006	L04AB06	Golimumab,
6008	L04AC08	Cankinumab,
6009	L01CA05	Vinflunina,
6010	C09DX	Antagonistas de la angiotensina II	/ otras combinaciones,
6014	A05AA03	Ácido cólico,
6016	A06AH01	Bromuro de metilnaltrexona,
6018	A10BD09	Pioglitazona y alogliptina,
6019	M04AA03	Febuxostat,
6020	A10BH04	Alogliptina,
6022	B01AC22	Prasugrel,
6023	B02BX05	Eltrombopag,
6029	B05XA17	Acetato de potasio,
6030	C01EB21	Regadenosón,
6033	C09DB04	Telmisartán y amlodipino,
6034	M02AA25	#,
6035	S01BA15	Fluocinolona acetónido,
6037	C10BA03	Pravastatina y fenofibrato,
6038	D06BB53	Aciclovir	/ combinaciones con,
6042	D11AH01	Tacrolimus,
6043	D11AH02	Pimecrolimus,
6045	G03AA14	Nomegestrol y estrógeno,
6046	G03GA09	Corifolitropina alfa,
6048	G04BX14	Dapoxetina,
6049	G04CA04	Silodosina,
6051	G04CA52	Tamsulosina y dutasterida,
6052	H05BX02	Paricalcitol,
6058	J01XA04	Dalbavancina,
6063	J07AH08	Meningococo A	/ C	/ Y	/ W-135	/ antígeno conjugado tetravalente	/ constituido por polisacáridos purificados,
6064	L01AA09	Bendamustina,
6066	C01BG11	Vernakalant,
6067	L01XC10	Ofatumumab,
6069	L01XE11	Pazopanib,
6070	A16AB10	Velaglucerasa Alfa,
6071	D06BB12	Sinecatechines,
6074	M05BX04	Denosumab,
6076	N02AX06	Tapentadol,
6077	N02BG10	Cannabinoides,
6079	N05AH05	Asenapina,
6080	N05AH06	Clotiapina,
6083	R02AX	Otros preparados para la garganta,
6084	R02AX01	#,
6085	R03AC18	Indacaterol,
6086	S01BC11	Bromfenaco,
6088	S02BA08	Fluocinolona	/ acetónido,
6095	V09IX07	Fluorometilcolina (18F),
6096	B01AC24	Ticagrelor,
6097	M09AB02	Colagenasa de clostridium histolítico,
6098	B01AF02	Apixaban,
6099	N03AX21	Retigabina,
6100	L04AA27	Fingolimod,
6102	L04AA28	Belatacept,
6103	L01XX41	Eribulina,
6104	L01XC11	Ipilimumab,
6105	A02BD08	Subcitrato de bismuto	/ tetraciclina y metronidazol,
6107	A10BH05	Linagliptina,
6110	B01AC23	Cilostazol,
6112	C01BD07	Dronedarona,
6114	C01CA26	Efedrina,
6117	C07BB12	Nebivolol y tiazidas,
6119	C08CA16	Clevidipino,
6120	C09BB06	Enalapril y nitrendipino,
6122	C09DX03	Olmesartán medoxomilo	/ amlodipino e hidroclorotiazida,
6123	C09XA54	Aliskireno	/ amlodipino e hidroclorotiazida,
6126	C10BA02	Simvastatina y ezetimiba,
6129	D11AX18	#,
6130	G03AA15	Clormadinona y etinilestadiol,
6131	G03AB08	Dienogest y estrógeno,
6132	G03AD	Anticonceptivos de emergencia,
6133	G03AD01	Levonorgestrel,
6134	G03AD02	Ulipristal,
6136	J01DI02	Ceftarolina fosamilo,
6144	L01DB11	Pixantrona,
6147	L01XE12	Vandetanib,
6148	L01XE13	Afatinib,
6153	L04AA26	Belimumab,
6157	M01AE52	Naproxeno y esomeprazol,
6162	M09AX02	Condrocitos autólogos,
6163	N01AX63	Óxido nitroso	/ combinaciones con,
6165	N05CM18	Dexmedetomidina,
6166	N06BA12	Lisdexanfetamina,
6167	N07XX07	Fampridina,
6170	P01BF	Artemisinina y derivados	/ combinaciones,
6175	P01BF05	Artenimol y piperaquina,
6178	R05CB16	#,
6180	R06AX29	Bilastina,
6185	V03AB36	Fentolamina,
6187	V03AN05	Aire medicinal,
6189	V09IA07	Tecnecio (99m Tc) hinio-octreotida,
6191	L02BX03	Abiraterona,
6192	A10BD10	Metformina y Saxagliptina,
6193	N07XX08	Tafamidis,
6194	L04AX05	#,
6195	L01XE15	Vemurafenib,
6197	A10BD11	Metformina y linagliptina,
6198	A10BK01	Dapagliflozina,
6199	A16AX08	Teduglutida,
6201	B02BD10	Factor Von Willebrand,
6202	B02BD11	Catridecacog,
6204	B06AC01	Inhibidor de C1	/ derivado del plasma,
6205	B06AC02	Icatibanto,
6214	D11AH04	Alitretinoína,
6215	G03DB08	Dienogest,
6218	H01CB05	Pasireotida,
6220	J01DC12	Cefminox,
6225	J05AP02	Telaprevir,
6226	J05AR08	Emtricitabina	/ tenofovir disoproxilo y rilpivirina,
6228	J07AH09	Meningococo B	/ vacuna multicomponente,
6229	L01CD04	Cabazitaxel,
6230	L01XC12	Brentuximab vedotina,
6231	L01XE14	Bosutinib,
6232	L01XE16	Crizotinib,
6233	L01XE17	Axitinib,
6234	L01XE18	Ruxolitinib,
6237	L04AC10	Secukinumab,
6240	N03AX22	Perampanel,
6247	S01LA05	Aflibercept,
6250	S01AA27	#,
6251	A06AX04	Linaclotida,
6252	R03BB05	Bromuro de Aclidinio,
6253	J05AP03	Boceprevir,
6254	G04BD12	Mirabegron,
6255	L01XC13	Pertuzumab,
6256	S01XA22	Ocriplasmina,
6257	R03BB06	Glicopirronio bromuro,
6258	R07AX02	Ivacaftor,
6259	R01AD58	Fluticasona	/ combinaciones con,
6260	G04CA53	Tamsulosina y solifenacina,
6262	S01AE01	Ofloxacino,
6264	L01XX43	Vismodegib,
6265	G03XB02	#,
6267	L03AA14	Lipegfilgrastim,
6268	A07AA12	Fidaxomicina,
6269	A10BJ03	Lixisenatida,
6270	L01XE21	Regorafenib,
6271	L01XX44	#,
6272	R03AL	Adrenergicos en combinacion con anticolinergicos	/ combinaciones con corticosteroides incl.,
6274	R03AL02	Salbutamol e Ipratropio	/ bromuro de,
6275	R03AL03	Vilanterol y Umeclidinio	/ bromuro de,
6276	R03AL04	Indacaterol y Glicopirronio	/ bromuro de,
6277	N06AX26	Vortioxetina,
6278	L01XC14	Trastuzumab emtansina,
6279	R03AC19	Olodaterol,
6280	L02AE05	Histrelina,
6281	A10BD13	Metformina y Alogliptina,
6282	J05AR09	Emtricitabina	/ tenofovir disoproxilo	/ elvitegravir y cobicistat,
6283	A10BD15	Metformina y Dapagliflozina,
6284	V09AX05	florbetapir (18F),
6286	A06AX05	Prucaloprida,
6287	D03BA03	bromelainas,
6288	B01AF	Inhibidores directos del factor Xa,
6289	B01AF01	Rivaroxabán,
6290	J05AR10	LOPINAVIR/RITONAVIR,
6292	R03AK08	Formoterol y beclometasona,
6295	S01AE02	#,
6296	S01AE03	#,
6300	S01AE07	#,
6302	A10BJ04	Albiglutida,
6303	N07XX09	Dimetil fumarato,
6304	R03AK11	Formoterol y fluticasona,
6305	C10BX06	Atorvastatina	/ acido acetilsalicilico y ramipril,
6307	V09AX06	florbetaben (18F),
6310	L01XE23	Dabrafenib,
6311	R03BB07	Umeclidinio bromuro,
6313	J05AP05	Simeprevir,
6314	G03AA16	Dienogest y etinilestradiol,
6315	L01XC15	Obinutuzumab,
6316	N07BB05	Nalmefeno,
6317	L04AX06	Pomalidomida,
6318	L01XE26	Cabozantinib,
6320	S01EC54	Brinzolamida	/ combinaciones,
6321	L04AC11	Siltuximab,
6324	R03AK10	Vilanterol y furoato de fluticasona,
6325	J05AX12	Dolutegravir,
6326	J04AK06	Delamanid,
6327	J05AR13	Lamivudina	/ abacavir y dolutegravir,
6328	L01XE27	Ibrutinib,
6329	L01XX47	Idelalisib,
6330	V09AX04	Flutemetamol (18F),
6331	V07AB94	Agua para preparaciones inyectables,
6332	A10AE06	Insulina degludec,
6333	D01AC17	Eberconazol,
6334	R05CA12	Hederae helicis folium,
6335	J05AP07	Daclatasvir,
6336	L04AA31	Teriflunomida,
6338	L01XX46	Olaparib,
6341	J05AP08	Sofosbuvir,
6342	V09XX00	Productos radiofarmaceuticos para diagnostico	/ varios,
6343	L01XE31	Nintedanib,
6344	V10XX03	Radio 223 dicloruro (223Ra),
6345	C10BA05	Atorvastatina y Ezetimiba,
6346	C10BA06	Rosuvastatina y Ezetimiba,
6349	G02CX03	Vitex agnus castus fruto,
6350	M02AA27	#,
6351	G01AF19	Sertaconazol,
6352	D10AF05	Nadifloxacino,
6354	G02CX04	Rizoma de Cimicifuga,
6355	G04BE10	Avanafilo,
6356	L02BB04	Enzalutamida,
6357	A10BK03	Empagliflozina,
6358	L01XE28	Ceritinib,
6359	A10BK02	Canagliflozina,
6360	A10BD16	Metformina y canagliflozina,
6361	C02KX05	Riociguat,
6362	C02KX04	Macitentan,
6363	D11AX22	Ivermectina,
6364	C09DX04	Valsartan y sacubitrilo,
6367	A10BD20	Metformina y Empagliflozina,
6368	L01XC17	Nivolumab,
6369	R03AL06	Olodaterol y bromuro de tiotropio,
6370	L01XC18	Pembrolizumab,
6372	C10AX13	Evolocumab,
6373	L03AB13	Peginterferon beta-1a,
6374	V03AX03	Cobicistat,
6375	J05AR15	Atazanavir y cobicistat,
6376	G03XC05	Ospemifeno,
6377	J04AK05	Bedaquilina,
6378	J07BM03	Papilomavirus (tipos humanos 6	/ 11	/ 16	/ 18	/ 31	/ 33	/ 45	/ 52	/ 58),
6379	R03AL05	Formoterol y Bromuro de aclidinio,
6380	L01XX45	Carfilzomib,
6382	L01XE25	Trametinib,
6383	J01DI54	Ceftolozano e inhibidores de la betalactamasa,
6384	A04AA55	Palonosetron	/ combinaciones,
6387	L01XE38	Cobimetinib,
6388	A10BJ05	Dulaglutida,
6389	L04AA32	Apremilast,
6392	J05AP09	Dasabuvir,
6393	J05AR18	Emtricitabina	/ tenofovir alafenamida	/ elvitegravir y cobicistat,
6395	A16AB14	Sebelipasa alfa,
6396	G03CC07	Estrogenos conjugados y bazedoxifeno,
6397	J01XX11	Tedizolid,
6398	J05AP51	Sofosbuvir y ledipasvir,
6399	J05AP53	Ombitasvir	/ paritaprevir y ritonavir,
6400	L01XC21	Ramucirumab,
6401	V03AB37	Idarucizumab,
6403	N03AX23	Brivaracetam,
6404	J02AC05	Isavuconazol,
6405	A16AX10	Eliglustat,
6406	L01XE35	Osimertinib,
6408	R03DX09	Mepolizumab,
6411	J05AR17	Emtricitabina y tenofovir alafenamida,
6412	V03AE05	Oxihidroxido sucroferrico,
6413	L01BC59	Trifluridina	/ combinaciones con,
6414	N02AJ14	Tramadol y dexketoprofeno,
6417	L01XC24	Daratumumab,
6418	L04AC13	Ixekizumab,
6419	B01AC27	Selexipag,
6421	J01DD52	Ceftazidima e inhibidores de la betalactamasa,
6423	B01AF03	Edoxabán,
6424	J05AR19	Emtricitabina	/ tenofovir alafenamida y rilpivirina,
6426	L01XE24	Ponatinib,
6428	J05AP54	Elbasvir y Grazoprevir,
6429	A06AH03	Naloxegol,
6430	A08AA62	Bupropion y naltrexona,
6431	R03DX08	Reslizumab,
6432	A16AX14	Migalastat,
6433	J05AP55	Sofosbuvir y Velpatasvir,
6434	L01XE29	Lenvatinib,
6436	L01XC27	Olaratumab,
6437	H05BX04	Etelcalcetida,
6438	L01XE33	palbociclib,
6440	N02AJ13	Tramadol y paracetamol,
6441	N02AJ08	Codeina e ibuprofeno,
6442	N02AJ06	Codeina y paracetamol,
6444	N02AJ07	Codeina y acido acetilsalicilico,
6445	A05AA04	Acido obeticolico,
6446	L01XX52	Venetoclax,
6450	D11AX24	Ácido desoxicólico,
6452	V09IX09	galio (67Ga) edoteotrida,
6455	C03XW91	Urea,
6458	C07FX06	Carvedilol e Ivabradina,
6459	C10AX14	Alirocumab,
6460	J06BB21	Bezlotoxumab,
6461	L01XC23	Elotuzumab,
6462	N04BD03	Safinamida,
6463	R03AK13	Salbutamol y beclometasona,
6464	L04AA37	Baricitinib,
6465	L01XE36	Alectinib,
6466	G03GA10	Folitropina delta,
6467	N04BX04	Opicapona,
6469	L04AA29	Tofacitinib,
6471	A16AX09	Glicerol	/ fenilbutirato de,
6474	M09AX07	Nusinersén,
6475	V09IA09	Tecnecio (99m Tc) tilmanocept,
6482	R03AL09	Formoterol	/ glicopirronio	/ bromuro de y beclometasona,
6483	J05AP56	Sofosbuvir	/ velpatasvir y voxilaprevir,
6485	D06AX14	Ozenoxacino,
6486	L01XE42	Ribociclib,
6489	J05AR22	Emtricitabina	/ tenofovir alafenamida	/ darunavir y cobicistat,
6494	A07XA05	TELOTRISTAT,
6513	R02AX03	#,
6519	J05AP57	Glecaprevir y pibrentasvir,
6521	R03DA12	Mepiramina teofilinacetato,
6543	L04AA40	Cladribina,
10000	A10BJ01	Exenatida,
10001	S01LA03	Pegaptanib,
61934	J05AG05	Rilpivirina	,
